date_time,pv_energy,pv_energy_est,pv_energy_pred,gti,ghi,air_temp,day_category,dataset
2023-01-01,489.26,487.8,483.42,5.63,6.03,24.24,1,train
2023-01-02,452.19,496.13,468.96,5.63,6.12,25.06,1,train
2023-01-03,452.2,452.13,452.28,5.09,5.33,22.61,3,train
2023-01-04,506.57,496.57,491.21,5.52,5.84,22.49,3,train
2023-01-05,465.61,507.01,492.14,5.64,6.02,23.43,3,train
2023-01-06,273.01,252.52,275.85,2.99,3.07,21.52,2,train
2023-01-07,560.7,542.0,532.37,6.05,6.46,23.31,3,train
2023-01-08,460.69,447.4,450.88,5.05,5.28,22.34,1,train
2023-01-09,252.44,233.2,257.52,2.83,2.93,21.98,2,train
2023-01-10,612.52,628.0,612.2,7.02,7.81,24.0,0,train
2023-01-11,332.99,354.23,369.91,4.07,4.35,23.34,2,train
2023-01-12,424.38,447.26,427.78,5.0,5.33,23.51,3,train
2023-01-13,370.02,390.6,366.0,4.5,4.78,21.82,1,train
2023-01-14,376.72,423.55,397.31,4.85,5.11,23.65,1,train
2023-01-15,374.48,526.79,485.24,5.92,6.32,24.48,1,train
2023-01-16,510.59,613.64,570.32,6.92,7.48,25.5,3,train
2023-01-17,647.63,663.05,657.33,7.53,8.25,25.19,0,train
2023-01-18,583.81,601.15,577.42,6.77,7.37,24.81,3,train
2023-01-19,357.97,430.67,393.87,4.88,5.26,23.7,1,train
2023-01-20,405.27,367.77,390.4,4.23,4.56,23.02,2,train
2023-01-21,325.82,304.88,323.4,3.56,3.64,22.0,2,train
2023-01-22,518.48,553.95,519.8,6.19,6.59,23.11,3,train
2023-01-23,459.66,456.52,459.04,5.14,5.36,22.81,1,train
2023-01-24,504.04,521.95,503.71,5.9,6.26,23.81,3,train
2023-01-25,509.42,545.21,507.19,6.2,6.55,24.0,1,train
2023-01-26,295.84,289.19,309.13,3.37,3.49,21.78,2,train
2023-01-27,386.23,399.47,380.72,4.48,4.62,23.02,2,train
2023-01-28,459.14,452.91,459.35,5.09,5.3,23.62,3,train
2023-01-29,348.2,435.59,415.86,4.88,5.17,23.69,1,train
2023-01-30,457.33,530.63,502.42,5.98,6.31,23.11,1,train
2023-01-31,465.19,535.3,495.87,6.02,6.37,25.16,3,train
2023-02-01,582.74,663.43,641.92,7.53,8.16,25.9,0,train
2023-02-02,564.49,603.29,567.7,6.79,7.25,26.27,3,train
2023-02-03,456.86,444.24,450.0,5.09,5.35,25.42,1,train
2023-02-04,406.71,432.62,438.69,4.91,5.09,25.07,3,train
2023-02-05,485.51,425.42,470.25,4.8,5.02,24.46,3,train
2023-02-06,264.27,198.96,264.68,2.5,2.58,23.15,2,train
2023-02-07,704.68,660.58,684.39,7.52,7.96,26.19,0,train
2023-02-08,680.76,637.46,666.73,7.26,7.67,26.64,0,train
2023-02-09,447.4,347.44,422.68,4.08,4.23,24.61,2,train
2023-02-10,719.51,624.91,640.56,7.06,7.39,24.76,3,train
2023-02-11,628.7,593.0,608.17,6.77,7.04,25.91,3,train
2023-02-12,655.19,535.32,575.92,6.05,6.3,26.21,1,train
2023-02-13,714.66,669.4,711.56,7.63,8.03,26.45,0,train
2023-02-14,704.89,667.88,705.18,7.68,8.06,27.86,0,train
2023-02-15,555.76,597.67,601.11,6.83,7.12,28.26,3,train
2023-02-16,566.22,565.72,579.52,6.46,6.67,26.74,3,train
2023-02-17,388.23,400.95,454.22,4.59,4.73,25.66,2,train
2023-02-18,330.38,294.38,330.47,3.41,3.53,22.44,2,train
2023-02-19,575.76,614.28,605.26,6.9,7.12,25.16,3,train
2023-02-20,575.54,509.86,549.06,5.73,5.9,24.51,1,train
2023-02-21,517.95,438.52,505.85,4.98,5.11,23.66,1,train
2023-02-22,500.84,441.84,491.57,4.97,5.05,23.71,2,train
2023-02-23,329.2,308.52,340.75,3.58,3.65,23.67,2,train
2023-02-24,462.76,427.32,468.07,4.86,4.94,24.32,2,train
2023-02-25,657.91,557.0,585.33,6.32,6.46,26.17,3,train
2023-02-26,715.5,663.31,705.29,7.59,7.74,26.76,0,train
2023-02-27,752.47,682.69,724.69,7.87,8.02,27.46,0,train
2023-02-28,666.75,646.67,677.31,7.4,7.52,27.12,0,train
2023-03-01,323.12,253.38,319.96,3.02,3.08,24.37,2,train
2023-03-02,562.23,452.31,532.54,5.22,5.28,23.74,1,train
2023-03-03,581.4,542.15,566.52,6.2,6.26,24.6,1,train
2023-03-04,739.27,687.04,723.06,7.86,7.91,26.01,0,train
2023-03-05,697.8,664.46,695.45,7.59,7.63,26.94,0,train
2023-03-06,467.02,506.61,526.84,5.72,5.77,26.59,3,train
2023-03-07,304.12,254.17,295.97,3.04,3.06,21.93,2,train
2023-03-08,587.66,491.88,533.43,5.56,5.55,23.69,1,train
2023-03-09,398.52,396.57,424.59,4.45,4.48,23.46,2,train
2023-03-10,283.81,251.73,296.04,3.0,3.01,24.6,2,train
2023-03-11,413.68,308.62,382.83,3.57,3.61,23.32,2,train
2023-03-12,597.19,527.22,544.63,5.91,5.89,23.61,3,train
2023-03-13,371.6,308.1,366.47,3.58,3.62,23.35,2,train
2023-03-14,286.1,220.79,282.88,2.67,2.7,22.49,2,train
2023-03-15,445.16,394.95,440.71,4.46,4.48,23.43,2,train
2023-03-16,398.77,369.65,393.99,4.24,4.22,22.4,2,train
2023-03-17,219.55,204.26,258.85,2.51,2.54,23.17,2,train
2023-03-18,486.55,460.97,512.4,5.15,5.11,23.04,3,train
2023-03-19,472.2,426.16,471.08,4.79,4.76,23.94,3,train
2023-03-20,303.18,274.92,303.21,3.21,3.26,21.94,2,train
2023-03-21,341.45,329.41,365.65,3.76,3.76,22.04,2,train
2023-03-22,496.53,497.33,502.61,5.56,5.44,23.01,3,train
2023-03-23,477.55,545.17,527.03,6.1,5.94,24.28,3,train
2023-03-24,708.48,673.06,708.75,7.65,7.32,25.64,0,train
2023-03-25,699.73,681.66,705.9,7.8,7.43,26.17,0,train
2023-03-26,674.83,676.77,699.23,7.77,7.38,26.86,0,train
2023-03-27,668.67,642.59,663.97,7.38,7.03,27.1,0,train
2023-03-28,463.93,420.86,459.76,4.82,4.71,25.82,2,train
2023-03-29,695.78,646.56,662.44,7.38,6.99,25.56,0,train
2023-03-30,691.48,662.11,687.17,7.57,7.13,26.2,0,train
2023-03-31,596.01,583.87,597.54,6.69,6.36,27.05,3,train
2023-04-01,615.2,596.47,603.8,6.71,6.35,26.43,3,train
2023-04-02,333.64,267.55,332.85,3.18,3.16,23.01,2,train
2023-04-03,432.29,299.23,358.28,3.47,3.43,21.62,2,train
2023-04-04,611.66,623.35,621.34,6.97,6.52,23.17,3,train
2023-04-05,508.61,414.51,481.06,4.67,4.48,23.8,1,train
2023-04-06,602.86,538.76,567.59,6.09,5.77,24.83,3,train
2023-04-07,321.1,296.81,321.23,3.43,3.38,23.53,2,train
2023-04-08,381.35,317.36,381.82,3.71,3.65,24.32,2,train
2023-04-09,495.88,477.48,502.2,5.43,5.12,24.32,1,train
2023-04-10,466.08,425.69,468.98,4.92,4.68,23.96,1,train
2023-04-11,543.32,455.84,523.15,5.24,4.94,23.09,1,train
2023-04-12,536.91,424.9,488.75,4.88,4.58,24.23,1,train
2023-04-13,594.5,503.73,535.47,5.72,5.33,24.52,1,train
2023-04-14,394.18,401.28,427.24,4.55,4.33,24.29,1,train
2023-04-15,481.04,501.77,486.64,5.64,5.27,25.7,3,train
2023-04-16,545.69,555.4,556.21,6.28,5.77,25.78,3,train
2023-04-17,431.48,446.42,450.07,5.07,4.72,25.52,1,train
2023-04-18,536.33,522.98,534.14,5.86,5.41,25.54,3,train
2023-04-19,474.77,507.23,492.27,5.65,5.23,23.66,1,train
2023-04-20,323.43,339.99,345.66,3.87,3.74,21.9,2,train
2023-04-21,582.18,521.94,540.15,5.99,5.49,23.71,1,train
2023-04-22,276.73,198.73,249.74,2.44,2.47,21.54,2,train
2023-04-23,502.44,504.65,500.97,5.54,5.11,22.44,3,train
2023-04-24,453.69,450.3,454.03,4.93,4.58,22.29,3,train
2023-04-25,623.04,608.49,601.55,6.79,6.02,24.14,0,train
2023-04-26,587.97,589.09,581.77,6.61,5.88,24.84,3,train
2023-04-27,534.53,547.59,557.07,6.13,5.5,25.58,3,train
2023-04-28,486.88,451.73,462.79,5.04,4.62,25.1,1,train
2023-04-29,396.32,415.07,423.31,4.69,4.31,25.01,1,train
2023-04-30,496.35,478.67,494.62,5.38,4.87,23.39,1,train
2023-05-01,670.05,651.63,662.54,7.34,6.35,23.83,0,train
2023-05-02,578.54,597.07,586.92,6.65,5.81,24.11,0,train
2023-05-03,546.72,567.73,555.46,6.32,5.58,23.7,3,train
2023-05-04,638.11,580.3,568.02,6.53,5.73,24.73,3,train
2023-05-05,567.97,597.26,581.06,6.71,5.83,25.09,0,train
2023-05-06,644.57,619.01,624.98,6.96,6.0,24.27,0,train
2023-05-07,633.34,629.82,624.34,7.04,6.03,23.68,0,train
2023-05-08,611.39,627.44,617.32,7.03,6.03,23.72,0,train
2023-05-09,491.48,573.52,542.32,6.45,5.63,24.29,3,train
2023-05-10,585.69,614.31,593.84,6.91,5.9,24.96,0,train
2023-05-11,581.08,565.26,561.21,6.31,5.45,24.8,3,train
2023-05-12,558.25,575.87,558.05,6.46,5.56,24.55,3,train
2023-05-13,609.26,619.54,609.19,6.93,5.88,23.61,0,train
2023-05-14,597.57,614.11,596.43,6.9,5.87,23.88,0,train
2023-05-15,532.27,569.23,548.38,6.38,5.48,24.3,3,train
2023-05-16,551.1,579.82,556.31,6.5,5.55,24.02,3,train
2023-05-17,577.04,618.58,594.86,6.93,5.83,24.0,0,train
2023-05-18,619.26,633.21,623.66,7.12,5.94,24.25,0,train
2023-05-19,623.75,645.31,631.72,7.25,6.03,23.68,0,train
2023-05-20,626.22,640.32,626.14,7.15,5.94,22.58,0,train
2023-05-21,638.42,641.03,624.29,7.14,5.92,21.87,0,train
2023-05-22,614.46,632.34,614.74,7.05,5.85,22.21,0,train
2023-05-23,525.93,545.6,526.38,6.12,5.27,21.78,1,train
2023-05-24,600.8,599.52,584.61,6.66,5.55,22.38,0,train
2023-05-25,584.48,598.43,586.19,6.65,5.52,22.86,0,train
2023-05-26,614.13,583.25,573.24,6.51,5.45,22.67,0,train
2023-05-27,488.5,509.65,487.7,5.66,4.85,23.91,3,train
2023-05-28,495.35,498.11,488.78,5.55,4.76,24.53,3,train
2023-05-29,442.22,476.69,470.38,5.32,4.6,24.86,1,train
2023-05-30,575.47,541.34,551.27,6.09,5.1,24.57,1,train
2023-05-31,410.28,409.66,416.04,4.61,4.06,23.38,1,train
2023-06-01,439.62,455.53,450.1,5.04,4.39,23.42,3,train
2023-06-02,536.5,578.21,549.22,6.42,5.29,23.46,0,train
2023-06-03,604.39,611.59,593.14,6.81,5.55,22.95,0,train
2023-06-04,590.58,618.53,600.24,6.88,5.6,22.69,0,train
2023-06-05,550.43,611.41,582.55,6.8,5.56,22.62,0,train
2023-06-06,551.53,549.02,542.6,6.13,5.13,22.81,3,train
2023-06-07,576.23,542.01,526.49,6.02,5.04,22.44,3,train
2023-06-08,534.93,539.29,530.26,5.99,5.01,23.02,3,train
2023-06-09,491.14,508.27,483.38,5.67,4.81,23.58,3,train
2023-06-10,482.46,509.85,490.41,5.69,4.8,24.34,3,train
2023-06-11,530.36,533.62,530.88,5.95,4.93,25.08,3,train
2023-06-12,400.77,441.01,417.87,4.99,4.34,25.4,3,train
2023-06-13,520.12,512.63,499.61,5.75,4.83,25.5,1,train
2023-06-14,552.59,555.42,552.76,6.23,5.12,25.26,0,train
2023-06-15,433.35,490.04,484.23,5.53,4.66,24.57,1,train
2023-06-16,401.84,393.83,406.18,4.49,3.82,23.47,1,train
2023-06-17,223.47,214.49,229.94,2.57,2.49,20.16,2,train
2023-06-18,560.44,572.95,552.15,6.34,5.18,22.14,0,train
2023-06-19,593.17,565.51,562.4,6.27,5.14,22.37,0,train
2023-06-20,554.92,576.94,554.91,6.4,5.22,22.11,0,train
2023-06-21,600.26,612.05,600.71,6.78,5.47,21.82,0,train
2023-06-22,602.81,611.06,600.37,6.76,5.46,21.57,0,train
2023-06-23,600.73,612.77,601.82,6.79,5.48,21.79,0,train
2023-06-24,538.53,579.41,545.21,6.41,5.25,21.99,0,train
2023-06-25,379.29,365.27,364.5,4.08,3.76,20.29,1,train
2023-06-26,595.44,600.22,572.71,6.65,5.39,21.72,0,train
2023-06-27,588.03,603.67,583.48,6.71,5.44,22.48,0,train
2023-06-28,606.98,616.43,603.29,6.85,5.52,22.33,0,train
2023-06-29,613.0,615.72,605.52,6.84,5.52,22.19,0,train
2023-06-30,480.02,575.68,538.58,6.37,5.19,22.47,0,train
2023-07-01,553.84,595.01,560.8,6.58,5.34,22.52,0,train
2023-07-02,598.56,615.18,599.95,6.83,5.53,22.25,0,train
2023-07-03,602.0,617.16,597.61,6.87,5.56,22.56,0,train
2023-07-04,602.27,615.05,602.55,6.83,5.54,22.28,0,train
2023-07-05,608.5,619.93,597.95,6.85,5.55,21.03,0,train
2023-07-06,601.57,618.63,599.53,6.85,5.56,21.21,0,train
2023-07-07,587.4,616.08,598.17,6.85,5.56,22.46,0,train
2023-07-08,541.76,570.62,541.59,6.4,5.27,23.82,0,train
2023-07-09,427.83,491.3,476.58,5.47,4.63,24.26,3,train
2023-07-10,554.5,591.38,555.27,6.65,5.45,25.15,0,train
2023-07-11,504.16,525.49,509.96,5.92,4.98,25.19,3,train
2023-07-12,517.57,464.24,490.24,5.23,4.51,25.71,3,train
2023-07-13,504.38,499.53,498.36,5.66,4.83,26.48,3,train
2023-07-14,532.2,586.84,547.26,6.48,5.35,21.76,0,train
2023-07-15,501.81,525.74,501.75,5.88,4.98,23.83,3,train
2023-07-16,493.58,476.56,491.75,5.37,4.64,25.59,1,train
2023-07-17,410.72,380.74,412.1,4.38,3.93,25.81,1,train
2023-07-18,523.33,530.22,522.0,5.98,5.07,26.14,3,train
2023-07-19,517.57,535.98,530.72,6.06,5.14,26.2,3,train
2023-07-20,569.88,584.55,563.54,6.51,5.46,22.88,0,train
2023-07-21,366.29,416.31,384.68,4.62,4.17,21.12,3,train
2023-07-22,484.84,469.43,462.42,5.23,4.63,20.98,3,train
2023-07-23,543.52,577.08,543.52,6.4,5.39,22.5,3,train
2023-07-24,477.85,550.85,516.05,6.08,5.17,22.5,3,train
2023-07-25,458.76,441.11,448.22,5.03,4.51,23.37,1,train
2023-07-26,611.32,626.64,608.39,7.04,5.85,24.36,0,train
2023-07-27,583.68,613.65,582.82,6.89,5.79,24.27,0,train
2023-07-28,533.45,548.38,533.08,6.14,5.28,24.81,3,train
2023-07-29,463.92,513.42,498.51,5.74,5.02,25.27,3,train
2023-07-30,562.91,565.7,557.82,6.38,5.49,25.02,3,train
2023-07-31,577.54,588.18,561.15,6.61,5.61,24.64,0,train
2023-08-01,611.16,630.37,608.92,7.11,5.98,24.9,0,train
2023-08-02,612.66,636.09,612.18,7.16,6.03,24.38,0,train
2023-08-03,599.59,642.12,607.52,7.25,6.12,24.78,0,train
2023-08-04,579.08,629.85,598.2,7.11,6.03,25.28,0,train
2023-08-05,610.33,631.5,609.72,7.15,6.07,25.83,0,train
2023-08-06,621.36,643.09,618.92,7.31,6.21,26.43,0,train
2023-08-07,616.42,639.25,616.78,7.26,6.18,26.28,0,train
2023-08-08,620.49,641.13,621.26,7.31,6.24,26.89,0,train
2023-08-09,621.87,636.62,620.19,7.21,6.17,25.73,0,train
2023-08-10,600.3,635.73,608.32,7.2,6.18,26.0,0,train
2023-08-11,546.04,598.45,552.79,6.75,5.88,26.34,0,train
2023-08-12,535.14,597.45,552.04,6.76,5.92,26.62,3,train
2023-08-13,581.38,622.3,600.08,7.07,6.16,26.08,0,train
2023-08-14,564.36,575.77,551.93,6.47,5.72,24.84,3,train
2023-08-15,511.9,557.97,515.93,6.18,5.52,23.06,3,train
2023-08-16,516.45,543.05,516.45,6.05,5.45,23.1,1,train
2023-08-17,611.27,592.44,565.97,6.63,5.88,23.65,3,train
2023-08-18,591.5,598.32,582.07,6.69,5.91,25.64,0,train
2023-08-19,469.27,488.25,480.82,5.56,5.09,25.73,1,train
2023-08-20,547.04,582.3,550.35,6.57,5.88,26.48,0,train
2023-08-21,555.28,567.84,555.26,6.34,5.7,24.14,3,train
2023-08-22,615.74,618.43,609.17,7.06,6.28,27.26,0,train
2023-08-23,527.88,585.19,542.2,6.74,6.07,29.39,3,train
2023-08-24,433.6,436.93,435.13,5.03,4.68,28.5,1,train
2023-08-25,541.36,529.01,543.82,5.99,5.48,28.29,3,train
2023-08-26,461.47,398.77,428.42,4.5,4.32,25.98,3,train
2023-08-27,479.04,447.03,470.4,5.09,4.76,26.3,1,train
2023-08-28,283.43,246.98,284.07,2.92,2.96,22.95,2,train
2023-08-29,513.82,491.57,505.8,5.56,5.21,25.37,1,train
2023-08-30,412.36,380.25,401.22,4.29,4.14,23.41,3,train
2023-08-31,649.65,615.96,613.45,7.01,6.4,26.29,3,train
2023-09-01,613.66,538.31,566.77,6.16,5.72,25.98,3,train
2023-09-02,581.89,489.11,516.81,5.61,5.22,25.81,1,train
2023-09-03,633.9,621.84,634.9,7.04,6.44,26.99,0,train
2023-09-04,478.42,461.81,487.97,5.3,5.01,28.09,1,train
2023-09-05,426.8,493.54,497.41,5.58,5.3,27.59,1,train
2023-09-06,656.15,608.99,624.97,6.88,6.37,25.87,0,train
2023-09-07,732.05,687.55,697.37,7.82,7.18,24.51,0,train
2023-09-08,665.5,649.97,659.55,7.35,6.81,24.91,0,train
2023-09-09,660.98,661.85,668.72,7.57,7.01,26.47,0,train
2023-09-10,713.65,677.23,698.55,7.77,7.19,26.73,0,train
2023-09-11,729.32,693.89,706.15,7.96,7.39,26.12,0,train
2023-09-12,634.67,593.46,601.96,6.73,6.36,27.01,3,train
2023-09-13,586.56,612.64,598.22,7.1,6.69,29.24,3,train
2023-09-14,607.64,584.5,590.01,6.7,6.35,27.24,3,train
2023-09-15,433.37,413.49,432.66,4.73,4.61,24.59,1,train
2023-09-16,428.22,435.66,428.76,5.07,4.91,25.74,1,train
2023-09-17,600.55,562.72,586.56,6.41,6.15,26.98,3,train
2023-09-18,666.79,660.81,667.41,7.59,7.19,27.57,0,train
2023-09-19,661.03,648.62,654.74,7.45,7.08,29.14,0,train
2023-09-20,652.61,632.39,636.25,7.31,6.99,29.61,0,train
2023-09-21,623.21,652.62,649.52,7.54,7.2,28.89,0,train
2023-09-22,608.46,605.66,606.81,6.95,6.71,29.38,0,train
2023-09-23,574.42,594.93,584.52,6.87,6.65,30.84,3,train
2023-09-24,580.09,542.41,562.56,6.29,6.14,31.61,3,train
2023-09-25,551.63,538.93,560.57,6.27,6.13,31.4,3,train
2023-09-26,511.81,523.67,518.14,6.0,5.88,31.34,3,train
2023-09-27,565.21,525.56,560.8,6.07,5.96,29.0,3,train
2023-09-28,425.64,409.7,438.83,4.75,4.73,27.97,3,train
2023-09-29,483.66,458.57,482.95,5.28,5.22,24.96,3,train
2023-09-30,642.6,629.74,641.9,7.21,7.06,28.05,0,train
2023-10-01,601.1,603.46,596.6,6.89,6.77,28.97,3,train
2023-10-02,503.68,465.69,488.32,5.36,5.29,24.76,1,train
2023-10-03,363.22,322.26,358.56,3.69,3.74,23.65,2,train
2023-10-04,510.96,515.32,511.06,5.83,5.81,27.21,3,train
2023-10-05,348.05,388.19,402.99,4.42,4.44,27.27,1,train
2023-10-06,416.55,400.06,416.63,4.59,4.61,26.75,1,train
2023-10-07,589.0,540.16,580.54,6.11,6.09,26.79,3,train
2023-10-08,437.97,486.14,487.63,5.61,5.61,27.46,3,train
2023-10-09,391.88,373.28,403.91,4.32,4.36,26.5,2,train
2023-10-10,594.57,605.08,596.02,6.99,6.98,28.92,3,train
2023-10-11,716.98,668.0,693.54,7.71,7.74,28.72,0,train
2023-10-12,630.01,627.99,644.48,7.25,7.3,28.55,0,train
2023-10-13,414.02,441.26,445.99,5.06,5.12,26.94,1,train
2023-10-14,648.38,641.92,670.9,7.42,7.48,27.59,0,train
2023-10-15,722.6,664.64,712.83,7.64,7.74,27.62,0,train
2023-10-16,733.16,683.15,726.48,7.86,7.99,27.37,0,train
2023-10-17,712.08,679.67,707.32,7.89,8.03,28.67,0,train
2023-10-18,729.53,690.8,733.3,8.05,8.23,29.58,0,train
2023-10-19,675.33,639.4,657.36,7.44,7.59,30.08,0,train
2023-10-20,515.96,480.17,514.9,5.57,5.68,28.71,1,train
2023-10-21,478.2,495.06,501.24,5.69,5.82,27.64,1,train
2023-10-22,747.11,668.28,715.02,7.67,7.91,27.48,0,train
2023-10-23,662.39,642.53,662.84,7.39,7.62,28.47,0,train
2023-10-24,615.84,620.18,630.03,7.14,7.34,28.2,3,train
2023-10-25,552.36,529.23,553.24,6.1,6.23,27.35,3,train
2023-10-26,602.12,549.39,568.93,6.25,6.39,25.31,3,train
2023-10-27,446.2,394.05,428.14,4.51,4.64,25.9,1,train
2023-10-28,391.9,354.55,389.61,4.12,4.19,24.92,2,train
2023-10-29,639.38,619.23,642.82,7.13,7.4,28.28,0,train
2023-10-30,714.25,662.85,703.56,7.64,8.0,28.5,0,train
2023-10-31,584.06,563.09,584.7,6.38,6.65,27.2,1,train
2023-11-01,709.36,616.0,650.44,7.03,7.35,27.33,0,train
2023-11-02,524.67,520.21,526.88,5.99,6.21,25.49,1,train
2023-11-03,450.84,419.33,432.33,4.89,5.11,25.5,1,train
2023-11-04,482.27,470.78,468.68,5.48,5.72,25.4,1,train
2023-11-05,405.98,457.81,470.35,5.25,5.52,26.0,1,train
2023-11-06,645.33,631.56,655.39,7.23,7.65,28.17,0,train
2023-11-07,670.13,632.03,657.96,7.19,7.62,27.19,0,train
2023-11-08,702.11,635.78,661.16,7.21,7.72,26.78,0,train
2023-11-09,738.68,690.07,738.6,7.98,8.59,27.98,0,train
2023-11-10,656.56,668.82,690.87,7.76,8.36,29.32,0,train
2023-11-11,721.58,643.87,675.9,7.46,7.99,29.93,0,train
2023-11-12,640.12,636.03,648.94,7.33,7.92,30.3,0,train
2023-11-13,501.83,552.41,543.9,6.34,6.73,30.14,3,train
2023-11-14,632.72,634.81,642.15,7.39,7.95,30.94,0,train
2023-11-15,637.52,602.94,610.51,7.02,7.49,30.58,3,train
2023-11-16,650.34,629.83,650.36,7.32,7.85,29.81,0,train
2023-11-17,607.98,527.98,570.32,6.07,6.43,28.93,3,train
2023-11-18,704.68,633.76,667.71,7.28,7.88,28.61,0,train
2023-11-19,524.54,529.35,553.1,5.97,6.42,29.07,3,train
2023-11-20,274.58,291.81,282.17,3.4,3.5,21.11,2,train
2023-11-21,461.21,403.84,440.59,4.68,4.87,24.76,3,train
2023-11-22,350.28,392.15,404.16,4.41,4.63,24.38,2,train
2023-11-23,574.31,521.38,548.31,5.92,6.34,26.49,3,train
2023-11-24,576.62,562.25,571.0,6.37,6.79,26.4,3,train
2023-11-25,673.05,584.06,597.5,6.63,7.16,27.31,3,train
2023-11-26,682.16,625.36,662.45,7.13,7.78,27.3,0,train
2023-11-27,391.63,421.89,407.12,4.8,4.98,23.34,3,train
2023-11-28,550.41,541.89,557.76,6.18,6.63,27.02,3,train
2023-11-29,475.42,411.29,432.11,4.73,5.04,26.19,1,train
2023-11-30,545.02,557.85,554.21,6.4,6.9,26.55,1,train
2023-12-01,364.91,317.6,364.79,3.71,3.94,25.02,2,train
2023-12-02,554.25,533.78,555.03,6.19,6.61,26.3,1,train
2023-12-03,425.19,458.04,460.27,5.21,5.59,24.71,1,train
2023-12-04,379.2,399.38,389.85,4.66,4.9,23.62,1,train
2023-12-05,320.38,307.93,330.47,3.67,4.02,23.72,2,train
2023-12-06,720.01,643.8,696.92,7.33,8.12,25.98,0,train
2023-12-07,713.61,661.63,718.42,7.61,8.54,28.09,0,train
2023-12-08,612.37,637.6,662.13,7.33,8.2,28.79,0,train
2023-12-09,594.72,587.23,583.0,6.73,7.39,28.29,3,train
2023-12-10,671.1,632.8,670.75,7.28,8.13,28.97,0,train
2023-12-11,422.36,491.13,467.0,5.51,5.79,24.71,3,train
2023-12-12,388.06,345.22,375.25,4.05,4.22,24.22,2,train
2023-12-13,641.52,626.13,646.78,7.15,8.01,27.91,0,train
2023-12-14,705.25,646.45,698.11,7.43,8.34,28.47,0,train
2023-12-15,744.4,672.99,731.47,7.8,8.8,28.89,0,train
2023-12-16,716.58,666.49,724.4,7.72,8.69,28.98,0,train
2023-12-17,515.98,523.38,524.04,6.05,6.55,28.59,1,train
2023-12-18,595.25,577.5,586.37,6.56,7.21,27.89,3,train
2023-12-19,532.23,528.83,535.8,6.09,6.55,26.5,3,train
2023-12-20,498.71,470.36,486.37,5.3,5.65,23.85,3,train
2023-12-21,345.73,329.82,345.91,3.8,3.88,21.83,2,train
2023-12-22,528.42,520.85,518.57,5.8,6.21,24.42,3,train
2023-12-23,415.14,494.24,467.9,5.59,5.89,24.17,3,train
2023-12-24,464.59,507.87,487.18,5.66,6.06,24.71,3,train
2023-12-25,423.37,369.71,417.52,4.33,4.65,26.82,2,train
2023-12-26,665.09,521.87,542.34,6.02,6.5,26.28,3,train
2023-12-27,816.01,601.67,612.84,6.91,7.56,26.53,0,train
2023-12-28,492.22,446.15,480.08,5.14,5.6,26.76,1,train
2023-12-29,378.04,386.86,426.17,4.51,4.98,26.89,1,train
2023-12-30,519.22,508.78,519.1,5.88,6.25,26.37,1,train
2023-12-31,556.68,538.94,548.97,6.04,6.56,23.58,3,train
2024-01-01,536.35,553.82,538.2,6.25,6.67,24.69,3,train
2024-01-02,507.25,477.63,490.2,5.37,5.65,23.76,3,train
2024-01-03,320.05,297.32,331.81,3.49,3.65,22.22,2,train
2024-01-04,299.85,277.95,290.75,3.26,3.36,21.95,2,train
2024-01-05,383.07,341.06,370.71,3.89,4.13,21.65,2,train
2024-01-06,498.33,571.57,546.59,6.43,6.93,25.04,3,train
2024-01-07,446.74,514.84,485.91,5.8,6.37,25.58,3,train
2024-01-08,389.42,364.22,382.09,4.14,4.26,22.66,2,train
2024-01-09,387.76,364.9,382.71,4.17,4.4,23.04,2,train
2024-01-10,339.71,342.41,358.07,4.03,4.2,23.18,2,train
2024-01-11,409.7,480.73,450.3,5.45,5.86,24.4,1,train
2024-01-12,564.66,535.21,539.98,6.03,6.53,26.44,3,train
2024-01-13,405.01,426.73,410.02,4.87,5.24,24.53,1,train
2024-01-14,364.55,380.82,364.33,4.35,4.63,23.63,2,train
2024-01-15,496.6,521.49,490.58,5.81,6.16,24.63,3,train
2024-01-16,538.99,582.64,544.81,6.57,7.15,26.46,3,train
2024-01-17,645.88,656.26,648.65,7.54,8.37,28.07,0,train
2024-01-18,435.51,497.4,465.58,5.62,5.97,27.26,3,train
2024-01-19,537.24,582.53,545.02,6.63,7.18,28.13,3,train
2024-01-20,713.4,638.63,648.69,7.34,7.99,27.95,0,train
2024-01-21,503.23,529.23,513.02,6.08,6.54,26.04,1,train
2024-01-22,412.9,518.92,483.7,5.88,6.16,25.45,3,train
2024-01-23,450.48,441.12,443.6,5.12,5.34,24.11,1,train
2024-01-24,435.76,453.04,445.22,5.06,5.25,23.96,3,train
2024-01-25,387.89,427.24,413.13,4.83,4.97,24.6,3,train
2024-01-26,354.0,354.43,357.54,4.07,4.25,22.94,2,train
2024-01-27,397.27,392.88,407.08,4.52,4.71,25.17,2,train
2024-01-28,498.79,528.84,497.88,5.9,6.2,24.95,3,train
2024-01-29,474.32,453.79,460.29,5.08,5.27,24.82,3,train
2024-01-30,466.4,490.0,464.65,5.51,5.88,25.85,1,train
2024-01-31,295.45,270.2,294.59,3.2,3.42,23.52,2,train
2024-02-01,455.08,443.63,451.75,5.11,5.34,23.45,1,train
2024-02-02,554.04,558.99,538.13,6.3,6.59,23.67,3,train
2024-02-03,367.56,411.55,401.87,4.64,4.77,23.26,3,train
2024-02-04,478.52,498.99,477.75,5.59,5.79,23.94,3,train
2024-02-05,362.23,311.88,349.54,3.67,3.81,23.26,2,train
2024-02-06,311.09,358.24,367.35,4.13,4.32,23.62,2,train
2024-02-07,545.99,537.25,543.85,5.98,6.33,25.16,3,train
2024-02-08,402.04,397.48,399.3,4.57,4.7,23.83,2,train
2024-02-09,509.37,554.75,530.74,6.18,6.47,24.82,3,train
2024-02-10,374.38,383.73,372.98,4.33,4.41,22.86,2,train
2024-02-11,224.62,229.86,219.62,2.77,2.83,20.69,2,train
2024-02-12,633.19,646.97,636.98,7.3,7.69,25.05,0,train
2024-02-13,731.1,686.82,724.29,7.9,8.33,26.82,0,train
2024-02-14,601.35,649.11,633.38,7.45,7.81,27.66,0,train
2024-02-15,570.75,502.62,525.48,5.73,5.96,26.66,1,train
2024-02-16,432.14,444.54,452.48,5.03,5.14,24.19,3,train
2024-02-17,492.78,463.77,478.13,5.23,5.35,24.41,3,train
2024-02-18,457.78,443.96,458.11,5.0,5.11,23.6,3,train
2024-02-19,478.25,442.18,469.22,4.92,5.05,23.98,3,train
2024-02-20,194.27,171.13,211.92,2.19,2.23,21.26,2,train
2024-02-21,394.13,344.07,372.55,3.93,4.02,22.75,2,train
2024-02-22,595.85,602.74,600.28,6.76,6.94,24.57,3,train
2024-02-23,430.98,412.08,420.11,4.67,4.75,23.73,1,train
2024-02-24,613.95,564.33,577.56,6.37,6.48,25.9,3,train
2024-02-25,707.88,677.08,699.79,7.74,7.94,26.69,0,train
2024-02-26,751.52,707.67,728.46,8.14,8.33,26.07,0,train
2024-02-27,574.15,643.29,622.9,7.33,7.46,26.82,0,train
2024-02-28,657.26,622.56,617.77,7.11,7.23,28.12,3,train
2024-02-29,562.15,630.27,611.29,7.2,7.32,28.7,0,train
2024-03-01,510.4,527.41,522.03,5.94,6.01,26.68,3,train
2024-03-02,385.6,418.34,406.17,4.8,4.88,26.35,1,train
2024-03-03,303.09,319.37,327.18,3.76,3.82,24.54,2,train
2024-03-04,237.17,255.85,266.89,3.03,3.08,23.93,2,train
2024-03-05,485.91,517.77,484.83,5.78,5.81,24.51,3,train
2024-03-06,500.58,465.47,473.63,5.22,5.27,25.23,3,train
2024-03-07,617.54,611.36,603.32,6.94,6.91,25.7,3,train
2024-03-08,648.86,605.91,603.73,6.89,6.85,27.32,3,train
2024-03-09,523.87,519.8,516.1,5.98,5.96,27.54,1,train
2024-03-10,382.06,422.89,407.91,4.82,4.82,24.57,3,train
2024-03-11,335.05,309.08,352.12,3.64,3.66,26.73,2,train
2024-03-12,389.95,415.55,394.41,4.71,4.72,26.92,3,train
2024-03-13,314.58,351.11,378.75,4.07,4.06,25.59,2,train
2024-03-14,388.59,402.64,393.46,4.64,4.63,25.49,1,train
2024-03-15,584.63,577.58,566.26,6.55,6.45,27.71,3,train
2024-03-16,548.23,570.69,549.33,6.56,6.44,27.91,3,train
2024-03-17,480.03,521.49,492.05,5.92,5.82,26.12,3,train
2024-03-18,433.8,519.25,481.64,5.91,5.81,27.2,3,train
2024-03-19,546.19,569.62,548.36,6.45,6.29,27.09,3,train
2024-03-20,364.3,475.45,444.1,5.29,5.25,24.88,3,train
2024-03-21,429.28,447.26,429.14,5.0,4.98,25.09,3,train
2024-03-22,481.66,455.7,450.54,5.18,5.1,25.59,3,train
2024-03-23,126.27,108.36,199.89,1.57,1.6,21.79,2,train
2024-03-24,509.68,422.48,434.52,4.85,4.76,23.99,3,train
2024-03-25,359.74,318.82,338.76,3.72,3.7,23.82,2,train
2024-03-26,386.98,411.7,410.21,4.59,4.54,23.58,3,train
2024-03-27,247.77,231.45,238.78,2.79,2.81,23.01,2,train
2024-03-28,322.08,319.68,321.35,3.62,3.63,23.57,2,train
2024-03-29,416.3,491.38,460.55,5.55,5.38,25.05,3,train
2024-03-30,337.52,431.69,415.0,4.95,4.75,25.54,1,train
2024-03-31,418.15,547.27,514.19,6.14,5.86,25.13,3,train
2024-04-01,527.38,521.71,501.45,5.93,5.66,26.4,3,train
2024-04-02,288.69,302.76,294.59,3.55,3.5,23.45,2,train
2024-04-03,433.26,389.26,410.43,4.4,4.26,24.12,2,train
2024-04-04,388.91,362.22,371.21,4.1,3.93,23.32,2,train
2024-04-05,459.99,504.35,469.09,5.65,5.4,24.65,3,train
2024-04-06,435.08,456.07,439.06,5.14,4.89,25.14,1,train
2024-04-07,507.54,498.83,462.55,5.55,5.24,24.92,3,train
2024-04-08,505.28,524.57,505.41,5.99,5.63,25.59,1,train
2024-04-09,476.82,488.03,470.53,5.58,5.26,26.69,1,train
2024-04-10,430.64,415.78,418.18,4.75,4.47,24.93,1,train
2024-04-11,426.57,439.9,427.12,4.9,4.69,23.57,3,train
2024-04-12,244.85,277.43,274.54,3.2,3.23,23.32,2,train
2024-04-13,570.6,603.91,573.58,6.86,6.27,25.69,3,train
2024-04-14,575.94,639.74,598.3,7.22,6.52,25.4,0,train
2024-04-15,482.7,589.43,536.9,6.61,6.04,25.36,3,train
2024-04-16,642.35,622.67,604.44,7.06,6.38,25.63,0,train
2024-04-17,607.51,621.6,603.37,7.05,6.35,26.53,0,train
2024-04-18,568.39,604.26,567.8,6.87,6.18,26.82,0,train
2024-04-19,432.62,502.88,477.49,5.73,5.25,26.27,1,train
2024-04-20,512.88,585.45,543.25,6.57,5.92,25.74,3,train
2024-04-21,631.16,620.02,595.17,6.97,6.23,24.62,0,train
2024-04-22,497.01,496.98,483.54,5.66,5.17,25.1,1,train
2024-04-23,497.77,512.1,484.02,5.8,5.29,26.2,1,train
2024-04-24,392.36,418.86,399.74,4.82,4.38,26.6,1,train
2024-04-25,565.42,595.02,565.62,6.76,6.01,26.79,3,train
2024-04-26,602.17,624.28,603.04,7.06,6.19,26.22,0,train
2024-04-27,612.75,631.84,597.74,7.16,6.27,25.9,0,train
2024-04-28,545.27,570.47,544.38,6.46,5.74,26.22,3,train
2024-04-29,501.07,610.8,561.92,6.95,6.08,26.67,0,train
2024-04-30,583.79,587.56,560.69,6.69,5.88,26.93,3,train
2024-05-01,504.81,591.95,543.2,6.68,5.85,26.46,0,train
2024-05-02,582.17,546.15,537.96,6.23,5.52,26.81,3,train
2024-05-03,519.24,595.55,538.74,6.7,5.82,26.74,0,train
2024-05-04,638.25,652.21,629.25,7.41,6.35,25.98,0,train
2024-05-05,563.43,619.08,582.95,7.0,6.04,25.04,0,train
2024-05-06,371.31,453.56,426.01,5.05,4.61,25.04,3,train
2024-05-07,615.57,626.08,607.03,7.02,5.99,24.53,0,train
2024-05-08,593.48,622.81,589.71,7.03,6.02,24.82,0,train
2024-05-09,622.64,641.7,614.84,7.23,6.13,24.71,0,train
2024-05-10,542.64,613.71,564.4,6.84,5.82,24.42,0,train
2024-05-11,590.95,624.66,590.91,7.06,6.01,24.96,0,train
2024-05-12,603.97,636.74,606.51,7.23,6.08,26.23,0,train
2024-05-13,561.36,575.15,539.22,6.47,5.54,26.64,3,train
2024-05-14,567.41,607.73,560.12,6.88,5.81,26.55,0,train
2024-05-15,601.25,629.97,605.39,7.13,5.98,25.92,0,train
2024-05-16,606.07,632.16,605.24,7.16,5.98,25.8,0,train
2024-05-17,601.24,626.4,597.08,7.04,5.88,24.57,0,train
2024-05-18,590.75,629.31,595.4,7.09,5.91,24.62,0,train
2024-05-19,492.41,586.29,517.72,6.61,5.59,25.17,0,train
2024-05-20,452.55,547.0,504.27,6.09,5.18,25.39,3,train
2024-05-21,502.55,562.07,508.64,6.31,5.34,25.44,3,train
2024-05-22,562.35,619.64,569.5,6.94,5.75,24.12,0,train
2024-05-23,494.99,538.18,489.01,6.03,5.14,24.79,3,train
2024-05-24,508.87,587.04,523.45,6.55,5.45,25.27,0,train
2024-05-25,537.17,576.93,526.51,6.49,5.44,25.02,0,train
2024-05-26,579.32,611.2,564.63,6.86,5.65,24.8,0,train
2024-05-27,477.9,600.41,537.07,6.73,5.56,24.37,0,train
2024-05-28,524.74,572.2,524.62,6.41,5.34,24.75,0,train
2024-05-29,527.46,577.48,527.69,6.39,5.32,22.3,0,train
2024-05-30,557.45,582.03,542.01,6.45,5.33,23.44,0,train
2024-05-31,540.15,592.81,535.92,6.6,5.44,23.36,0,train
2024-06-01,490.01,555.57,490.85,6.15,5.12,22.38,0,train
2024-06-02,442.46,519.93,442.62,5.74,4.87,22.16,3,train
2024-06-03,485.31,560.2,498.88,6.2,5.16,23.08,3,train
2024-06-04,519.32,561.72,509.13,6.24,5.2,23.21,3,train
2024-06-05,578.47,601.65,543.77,6.7,5.48,23.21,0,train
2024-06-06,350.05,513.14,442.57,5.66,4.75,23.05,3,train
2024-06-07,455.1,526.47,460.32,5.83,4.88,23.65,3,train
2024-06-08,544.14,598.77,545.34,6.68,5.44,23.94,0,train
2024-06-09,556.22,608.45,556.26,6.79,5.51,23.72,0,train
2024-06-10,550.06,597.45,540.96,6.67,5.44,23.45,0,train
2024-06-11,421.79,517.31,459.05,5.81,4.89,24.18,3,train
2024-06-12,568.53,614.76,563.46,6.87,5.55,23.71,0,train
2024-06-13,506.52,545.71,493.52,6.03,4.98,23.5,3,train
2024-06-14,492.56,575.26,521.3,6.37,5.18,23.95,0,train
2024-06-15,525.15,590.42,531.72,6.55,5.31,22.95,0,train
2024-06-16,570.68,615.14,562.49,6.84,5.51,22.5,0,train
2024-06-17,548.94,615.72,557.14,6.85,5.52,22.58,0,train
2024-06-18,562.83,616.53,560.2,6.89,5.55,23.62,0,train
2024-06-19,490.1,549.8,492.64,6.11,5.03,23.68,0,train
2024-06-20,486.35,543.39,485.29,6.03,4.98,23.59,3,train
2024-06-21,547.09,590.36,534.22,6.57,5.33,23.13,0,train
2024-06-22,487.29,546.07,486.13,6.01,4.95,23.52,3,train
2024-06-23,541.94,603.57,541.74,6.74,5.43,23.73,0,train
2024-06-24,437.38,539.64,479.57,6.06,5.05,24.48,3,train
2024-06-25,539.6,603.94,539.44,6.76,5.45,24.41,0,train
2024-06-26,539.82,605.26,539.64,6.78,5.47,24.4,0,train
2024-06-27,529.14,602.81,533.19,6.75,5.46,24.53,0,train
2024-06-28,540.27,599.7,535.61,6.73,5.45,24.92,0,train
2024-06-29,535.44,603.2,535.36,6.77,5.48,24.81,0,train
2024-06-30,532.69,602.23,532.55,6.76,5.48,24.84,0,train
2024-07-01,470.43,571.05,502.25,6.39,5.25,24.83,0,train
2024-07-02,547.17,606.1,546.39,6.77,5.48,23.61,0,train
2024-07-03,533.74,563.54,523.78,6.26,5.16,22.9,0,train
2024-07-04,538.41,608.85,546.41,6.78,5.49,23.22,0,train
2024-07-05,545.15,606.86,545.47,6.77,5.49,23.44,0,train
2024-07-06,541.46,606.53,546.12,6.79,5.51,24.14,0,train
2024-07-07,548.68,610.36,548.83,6.86,5.57,25.13,0,train
2024-07-08,528.84,602.23,528.38,6.77,5.52,25.51,0,train
2024-07-09,526.8,600.02,528.06,6.76,5.51,25.68,0,train
2024-07-10,519.3,592.77,523.85,6.69,5.46,26.21,0,train
2024-07-11,536.2,601.5,536.29,6.79,5.54,26.33,0,train
2024-07-12,552.59,609.22,551.32,6.84,5.58,24.85,0,train
2024-07-13,571.75,623.6,567.66,6.93,5.67,22.27,0,train
2024-07-14,567.53,623.34,568.92,6.92,5.66,21.81,0,train
2024-07-15,561.28,625.04,562.99,6.95,5.69,22.09,0,train
2024-07-16,569.56,623.36,569.58,6.95,5.7,22.91,0,train
2024-07-17,557.81,624.25,563.2,6.96,5.72,22.72,0,train
2024-07-18,553.3,618.56,552.5,6.91,5.71,23.14,0,train
2024-07-19,569.55,629.18,571.77,7.03,5.79,23.22,0,train
2024-07-20,572.87,634.63,573.07,7.08,5.84,22.62,0,train
2024-07-21,581.71,637.56,573.96,7.11,5.87,22.27,0,train
2024-07-22,569.74,631.73,571.96,7.04,5.83,22.44,0,train
2024-07-23,585.84,637.67,580.5,7.14,5.91,23.18,0,train
2024-07-24,585.98,643.9,583.21,7.21,5.98,22.97,0,train
2024-07-25,577.8,645.49,580.96,7.22,5.99,22.56,0,train
2024-07-26,578.11,640.95,578.73,7.19,5.98,23.43,0,train
2024-07-27,531.84,582.41,531.05,6.46,5.47,23.86,0,train
2024-07-28,559.02,618.8,560.12,6.96,5.85,24.68,0,train
2024-07-29,537.74,606.06,536.89,6.84,5.77,25.53,0,train
2024-07-30,420.45,504.09,435.9,5.61,4.9,25.82,3,train
2024-07-31,553.59,614.23,551.8,6.92,5.85,25.29,0,train
2024-08-01,588.72,622.39,577.34,6.96,5.9,23.06,0,train
2024-08-02,378.76,485.3,427.68,5.43,4.88,22.27,3,train
2024-08-03,578.11,635.91,575.27,7.11,6.04,22.71,0,train
2024-08-04,457.64,581.74,519.04,6.46,5.58,24.41,3,train
2024-08-05,543.83,583.21,526.77,6.49,5.63,23.26,3,train
2024-08-06,448.17,544.72,470.03,6.0,5.27,23.27,3,train
2024-08-07,592.47,623.78,574.09,6.95,5.96,23.64,0,train
2024-08-08,557.25,641.2,563.75,7.24,6.2,24.76,0,train
2024-08-09,569.87,642.36,573.9,7.31,6.27,26.57,0,train
2024-08-10,393.14,446.46,388.8,5.0,4.56,20.5,1,train
2024-08-11,560.69,636.62,566.26,7.17,6.21,24.1,0,train
2024-08-12,601.77,661.85,593.86,7.48,6.46,24.02,0,train
2024-08-13,553.1,638.19,555.86,7.2,6.29,23.76,0,train
2024-08-14,531.34,599.82,528.85,6.79,6.0,25.49,3,train
2024-08-15,482.81,561.83,511.68,6.36,5.66,26.34,3,train
2024-08-16,571.75,641.42,572.39,7.31,6.38,26.83,0,train
2024-08-17,598.01,656.36,598.0,7.5,6.55,26.82,0,train
2024-08-18,603.95,661.65,604.14,7.56,6.62,26.45,0,train
2024-08-19,611.72,670.04,611.28,7.66,6.72,26.48,0,train
2024-08-20,606.59,670.39,610.76,7.67,6.74,26.51,0,train
2024-08-21,621.24,671.91,611.13,7.69,6.78,26.62,0,train
2024-08-22,602.14,667.8,600.61,7.66,6.77,27.19,0,train
2024-08-23,579.7,659.43,585.79,7.58,6.72,27.95,0,train
2024-08-24,504.8,614.15,521.25,7.08,6.37,28.24,0,train
2024-08-25,406.6,613.63,531.29,6.97,6.3,25.82,0,train
2024-08-26,507.36,576.89,513.14,6.5,5.97,22.46,0,train
2024-08-27,506.02,602.33,523.76,6.85,6.26,25.77,0,train
2024-08-28,560.6,633.6,555.92,7.19,6.52,25.53,0,train
2024-08-29,603.1,670.58,602.88,7.59,6.83,24.61,0,train
2024-08-30,603.84,683.63,610.1,7.77,7.0,24.6,0,train
2024-08-31,327.72,688.05,598.86,7.91,7.15,26.68,0,train
2024-09-01,597.09,685.67,596.91,7.89,7.16,27.23,0,train
2024-09-02,605.5,680.08,600.4,7.86,7.16,28.04,0,train
2024-09-03,595.42,672.82,596.47,7.8,7.13,28.93,0,train
2024-09-04,593.88,661.91,593.32,7.69,7.06,29.79,0,train
2024-09-05,552.49,629.69,556.07,7.3,6.76,29.66,0,train
2024-09-06,535.83,618.99,538.1,7.15,6.66,29.23,0,train
2024-09-07,552.26,623.76,554.98,7.14,6.67,27.2,0,train
2024-09-08,590.45,662.18,596.2,7.57,7.04,26.11,0,train
2024-09-09,627.29,688.11,627.52,7.91,7.34,26.47,0,train
2024-09-10,616.57,688.0,617.35,7.91,7.34,26.77,0,train
2024-09-11,605.5,685.64,608.74,7.88,7.34,26.93,0,train
2024-09-12,602.08,666.05,602.13,7.68,7.19,27.83,0,train
2024-09-13,541.77,613.67,538.76,7.01,6.63,28.15,0,train
2024-09-14,570.45,656.0,568.33,7.55,7.11,28.39,0,train
2024-09-15,603.02,679.71,603.18,7.88,7.42,28.64,0,train
2024-09-16,528.87,591.94,524.96,6.86,6.56,29.9,3,train
2024-09-17,506.48,577.32,505.28,6.67,6.41,29.18,3,train
2024-09-18,568.44,650.23,568.58,7.51,7.14,28.46,0,train
2024-09-19,596.12,659.42,596.09,7.6,7.24,27.92,0,train
2024-09-20,606.96,672.19,607.34,7.75,7.4,27.86,0,train
2024-09-21,587.7,645.92,586.78,7.48,7.18,29.34,0,train
2024-09-22,506.58,605.62,524.34,7.03,6.8,30.26,0,train
2024-09-23,537.07,615.94,532.14,7.14,6.91,30.26,0,train
2024-09-24,540.46,596.79,537.54,6.92,6.72,30.35,0,train
2024-09-25,577.16,657.85,577.04,7.67,7.42,30.35,0,train
2024-09-26,528.15,642.99,541.67,7.46,7.25,29.82,0,train
2024-09-27,553.98,639.09,552.07,7.44,7.24,30.89,0,train
2024-09-28,451.58,572.97,503.23,6.66,6.53,30.6,3,train
2024-09-29,451.44,507.78,457.52,5.8,5.74,27.31,3,train
2024-09-30,592.62,663.31,601.42,7.64,7.48,27.77,0,train
2024-10-01,615.76,691.4,616.34,8.02,7.87,28.49,0,train
2024-10-02,608.83,683.58,607.23,7.99,7.86,30.16,0,train
2024-10-03,488.95,636.09,532.68,7.42,7.34,31.61,0,train
2024-10-04,528.45,613.08,527.99,7.18,7.12,32.51,0,train
2024-10-05,553.3,618.12,552.61,7.23,7.18,32.43,0,train
2024-10-06,548.75,606.19,548.44,7.09,7.05,31.83,0,train
2024-10-07,443.66,521.31,480.15,6.09,6.1,30.63,3,train
2024-10-08,298.46,297.2,327.67,3.52,3.58,28.25,2,train
2024-10-09,528.38,482.94,484.66,5.65,5.65,28.06,1,train
2024-10-10,328.75,354.25,341.09,4.06,4.11,22.75,2,train
2024-10-11,487.13,457.09,457.81,5.29,5.32,26.94,1,train
2024-10-12,451.08,442.56,422.03,5.04,5.08,25.18,3,train
2024-10-13,407.38,500.11,448.38,5.68,5.74,27.66,3,train
2024-10-14,584.12,598.17,571.07,6.8,6.88,27.05,3,train
2024-10-15,190.52,157.48,190.47,2.08,2.11,21.02,2,train
2024-10-16,206.95,227.92,220.07,2.79,2.83,23.48,2,train
2024-10-17,373.28,338.08,343.94,3.95,4.04,23.18,2,train
2024-10-18,355.33,374.85,364.99,4.24,4.33,23.89,2,train
2024-10-19,307.02,320.3,311.27,3.7,3.77,22.61,2,train
2024-10-20,318.9,342.99,325.83,3.92,3.99,23.17,2,train
2024-10-21,339.73,323.43,327.02,3.79,3.85,23.39,2,train
2024-10-22,422.95,404.65,400.33,4.71,4.81,24.54,1,train
2024-10-23,394.71,362.31,392.63,4.28,4.42,25.59,2,train
2024-10-24,285.57,309.56,338.28,3.65,3.75,26.2,2,train
2024-10-25,210.4,234.94,226.34,2.87,2.93,23.43,2,train
2024-10-26,374.26,429.07,385.77,4.85,5.01,26.62,3,train
2024-10-27,131.66,490.55,429.49,5.52,5.71,25.92,3,train
2024-10-28,432.6,473.08,432.76,5.39,5.58,25.06,3,train
2024-10-29,371.44,406.34,378.15,4.58,4.71,23.58,3,train
2024-10-30,77.51,349.75,318.72,4.03,4.12,22.28,2,train
2024-10-31,533.1,493.82,473.13,5.55,5.72,21.92,3,train
2024-11-01,350.38,364.76,352.56,4.15,4.26,23.23,2,train
2024-11-02,359.01,363.34,358.87,4.27,4.38,24.14,2,train
2024-11-03,422.24,396.67,395.91,4.54,4.64,23.7,3,train
2024-11-04,399.06,404.3,398.7,4.67,4.86,25.49,1,train
2024-11-05,316.05,302.73,297.01,3.49,3.55,20.72,2,train
2024-11-06,532.3,510.28,481.52,5.77,5.97,23.6,3,train
2024-11-07,307.84,318.51,316.74,3.71,3.81,22.93,2,train
2024-11-08,359.11,354.06,347.36,4.07,4.2,22.22,2,train
2024-11-09,246.27,253.21,247.56,3.04,3.11,22.95,2,train
2024-11-10,565.76,599.96,572.89,6.77,7.18,25.92,3,train
2024-11-11,389.67,458.96,444.14,5.23,5.52,24.24,1,train
2024-11-12,420.74,496.75,453.38,5.53,5.79,24.43,3,train
2024-11-13,389.61,423.88,402.9,4.81,4.97,23.45,1,train
2024-11-14,329.82,344.79,317.75,3.92,4.03,21.95,2,train
2024-11-15,80.53,213.89,204.85,2.64,2.68,21.23,2,train
2024-11-16,400.44,391.67,370.32,4.43,4.53,23.31,2,train
2024-11-17,275.68,371.06,342.44,4.16,4.25,21.19,2,train
2024-11-18,443.58,518.7,476.47,5.89,6.24,25.44,1,train
2024-11-19,684.12,617.02,594.17,7.02,7.52,25.18,0,train
2024-11-20,581.99,614.55,585.07,7.03,7.58,26.17,0,train
2024-11-21,581.11,605.52,582.17,6.8,7.37,25.78,3,train
2024-11-22,377.42,392.58,382.27,4.56,4.79,24.06,1,train
2024-11-23,366.59,378.57,358.8,4.34,4.52,23.15,2,train
2024-11-24,355.16,432.24,407.34,4.85,5.07,24.01,1,train
2024-11-25,532.29,524.62,532.29,5.81,6.36,23.36,3,train
2024-11-26,512.2,418.34,432.24,4.74,5.03,24.35,1,train
2024-11-27,436.55,476.72,440.31,5.32,5.69,25.32,3,train
2024-11-28,407.53,400.43,409.74,4.64,5.01,26.48,1,train
2024-11-29,477.96,497.54,477.51,5.63,6.0,25.07,3,train
2024-11-30,592.27,546.75,565.53,6.12,6.66,25.18,3,train
2024-12-01,271.89,320.23,330.23,3.73,3.82,24.2,2,train
2024-12-02,430.45,397.15,420.74,4.5,4.65,24.32,1,train
2024-12-03,512.63,517.92,509.54,5.79,6.18,25.24,3,train
2024-12-04,531.17,512.0,503.1,5.78,6.13,24.54,1,train
2024-12-05,434.9,447.33,445.88,5.08,5.36,25.17,1,train
2024-12-06,723.95,678.24,662.83,7.8,8.77,27.27,0,train
2024-12-07,584.08,614.77,585.65,7.05,7.75,27.91,0,train
2024-12-08,496.18,586.51,551.82,6.69,7.33,27.72,3,train
2024-12-09,409.51,486.57,462.85,5.54,6.0,27.17,1,train
2024-12-10,552.11,533.84,551.24,6.01,6.51,26.51,3,train
2024-12-11,516.98,464.04,481.07,5.32,5.59,25.61,1,train
2024-12-12,343.36,304.63,343.03,3.57,3.69,24.34,2,train
2024-12-13,578.83,580.7,568.71,6.63,7.23,26.27,3,train
2024-12-14,566.3,534.68,549.12,6.02,6.45,24.95,3,train
2024-12-15,347.08,343.2,342.4,3.93,4.03,23.0,2,train
2024-12-16,587.62,562.94,574.73,6.28,6.82,24.52,3,train
2024-12-17,376.4,367.84,377.43,4.21,4.4,24.01,2,train
2024-12-18,471.49,458.19,471.68,5.13,5.39,24.24,3,train
2024-12-19,463.76,468.22,472.69,5.32,5.79,25.75,1,train
2024-12-20,558.17,567.99,560.17,6.43,7.0,25.54,3,train
2024-12-21,403.08,382.52,396.95,4.4,4.61,23.78,2,train
2024-12-22,328.18,282.25,313.23,3.34,3.42,23.45,2,train
2024-12-23,407.93,402.29,403.08,4.62,4.96,24.27,1,train
2024-12-24,387.25,384.27,387.26,4.42,4.6,23.4,1,train
2024-12-25,362.9,411.49,408.84,4.64,4.77,23.23,3,train
2024-12-26,459.51,441.54,446.13,4.94,5.21,22.44,3,train
2024-12-27,526.36,518.56,524.48,5.77,6.17,23.39,3,train
2024-12-28,259.33,296.68,303.99,3.46,3.74,24.86,2,train
2024-12-29,469.46,464.8,469.27,5.26,5.5,23.79,3,train
2024-12-30,436.0,442.32,436.49,5.05,5.32,22.89,1,train
2024-12-31,464.21,478.76,467.55,5.35,5.62,23.47,3,train
2025-01-01,318.05,335.24,358.05,3.85,4.04,22.84,2,test
2025-01-02,486.91,530.9,546.41,5.94,6.45,23.97,3,test
2025-01-03,591.93,609.14,578.37,6.86,7.53,24.49,0,test
2025-01-04,475.93,470.12,470.62,5.47,5.79,25.09,1,test
2025-01-05,475.08,493.38,476.55,5.61,5.91,24.61,3,test
2025-01-06,410.22,393.81,385.14,4.45,4.71,23.53,2,test
2025-01-07,556.72,566.17,557.54,6.45,6.99,25.66,3,test
2025-01-08,305.86,350.4,360.33,3.99,4.19,22.59,2,test
2025-01-09,420.48,431.75,401.82,4.81,5.03,21.4,1,test
2025-01-10,562.25,528.5,528.61,5.93,6.28,23.63,3,test
2025-01-11,672.4,636.86,595.43,7.23,7.99,25.8,0,test
2025-01-12,495.34,492.46,478.58,5.54,5.84,24.54,1,test
2025-01-13,355.55,348.52,351.98,4.01,4.17,22.27,2,test
2025-01-14,245.4,311.89,324.89,3.6,3.66,21.45,2,test
2025-01-15,528.52,507.37,499.32,5.62,5.9,22.32,3,test
2025-01-16,360.72,353.19,343.74,4.01,4.11,21.76,2,test
2025-01-17,520.66,513.95,517.05,5.71,6.12,23.99,3,test
2025-01-18,600.49,577.66,563.12,6.51,7.06,25.68,3,test
2025-01-19,469.8,447.52,456.16,5.18,5.46,23.4,1,test
2025-01-20,528.25,442.66,458.56,5.07,5.46,25.07,1,test
2025-01-21,395.55,383.86,403.64,4.4,4.7,24.42,2,test
2025-01-22,608.6,618.32,588.53,7.02,7.6,26.78,0,test
2025-01-23,641.3,651.99,634.56,7.44,8.14,26.32,0,test
2025-01-24,647.58,656.39,635.65,7.48,8.16,26.62,0,test
2025-01-25,591.26,639.38,604.43,7.28,7.91,27.19,0,test
2025-01-26,521.27,508.83,492.15,5.71,6.1,26.28,1,test
2025-01-27,364.52,362.93,403.26,4.18,4.42,24.9,2,test
2025-01-28,490.41,491.64,479.99,5.51,5.8,24.53,3,test
2025-01-29,414.73,399.87,436.73,4.62,4.85,24.95,1,test
2025-01-30,510.86,519.14,512.48,5.84,6.13,23.29,3,test
2025-01-31,374.51,351.48,346.2,4.02,4.17,22.5,2,test
2025-02-01,496.5,509.75,494.42,5.66,5.93,23.07,3,test
2025-02-02,513.43,496.74,486.11,5.59,5.8,23.05,3,test
2025-02-03,454.64,507.09,498.26,5.64,5.84,23.0,3,test
2025-02-04,430.54,470.88,473.55,5.25,5.46,24.63,3,test
2025-02-05,621.25,619.01,597.7,7.04,7.45,25.48,3,test
2025-02-06,700.56,678.2,646.39,7.78,8.32,26.47,0,test
2025-02-07,689.95,667.15,637.48,7.62,8.11,26.69,0,test
2025-02-08,631.24,660.35,615.05,7.52,8.0,26.25,0,test
2025-02-09,498.54,494.45,487.79,5.57,5.74,24.58,3,test
2025-02-10,609.21,555.59,533.7,6.2,6.45,24.47,3,test
2025-02-11,307.86,304.11,330.99,3.6,3.77,23.38,2,test
2025-02-12,541.01,506.79,502.35,5.84,6.1,24.47,1,test
2025-02-13,627.09,647.98,598.2,7.38,7.69,25.47,0,test
2025-02-14,556.79,649.79,601.66,7.41,7.78,26.78,0,test
2025-02-15,565.68,551.68,542.57,6.3,6.48,26.27,3,test
2025-02-16,488.73,520.67,516.72,5.9,6.06,24.34,3,test
2025-02-17,533.32,595.23,570.64,6.81,7.01,26.05,3,test
2025-02-18,713.34,677.76,637.14,7.84,8.14,27.77,0,test
2025-02-19,661.22,664.23,633.71,7.64,7.94,28.22,0,test
2025-02-20,686.1,671.14,634.33,7.72,7.99,27.63,0,test
2025-02-21,695.78,671.8,629.02,7.74,8.01,28.2,0,test
2025-02-22,644.96,669.96,639.86,7.69,7.93,27.69,0,test
2025-02-23,599.01,645.74,606.92,7.35,7.57,27.04,0,test
2025-02-24,448.19,382.86,418.51,4.39,4.5,24.96,2,test
2025-02-25,458.29,469.58,474.15,5.29,5.38,24.33,3,test
2025-02-26,574.0,575.7,554.08,6.48,6.58,24.87,3,test
2025-02-27,649.17,650.85,606.4,7.39,7.52,26.16,0,test
2025-02-28,604.27,634.87,593.4,7.18,7.32,26.12,0,test
2025-03-01,379.12,458.96,460.98,5.13,5.2,24.73,3,test
2025-03-02,438.18,456.96,455.4,5.09,5.18,23.92,3,test
2025-03-03,594.26,612.74,582.6,6.97,7.03,26.06,3,test
2025-03-04,641.95,665.35,622.97,7.64,7.67,25.89,0,test
2025-03-05,483.05,520.35,501.17,5.81,5.86,25.34,3,test
2025-03-06,600.95,538.37,525.2,6.03,6.07,24.86,3,test
2025-03-07,715.64,689.96,647.4,7.92,7.9,26.23,0,test
2025-03-08,572.44,647.49,608.25,7.38,7.37,27.03,0,test
2025-03-09,596.12,626.66,594.5,7.22,7.18,27.71,3,test
2025-03-10,613.95,652.16,599.92,7.53,7.47,28.95,0,test
2025-03-11,517.81,554.52,546.97,6.28,6.26,28.33,3,test
2025-03-12,441.99,458.28,478.76,5.31,5.27,27.18,1,test
2025-03-13,367.3,393.55,401.88,4.58,4.56,26.01,2,test
2025-03-14,524.48,552.45,538.68,6.28,6.2,27.12,3,test
2025-03-15,568.12,615.03,591.91,7.08,6.95,27.58,3,test
2025-03-16,622.58,651.3,605.17,7.47,7.3,28.01,0,test
2025-03-17,585.44,640.89,596.97,7.34,7.16,27.65,3,test
2025-03-18,641.73,655.0,606.53,7.5,7.29,27.44,0,test
2025-03-19,528.06,547.74,539.59,6.19,6.08,27.03,3,test
2025-03-20,490.36,504.11,484.95,5.68,5.57,26.07,3,test
2025-03-21,448.3,438.69,440.07,5.1,5.03,24.09,3,test
2025-03-22,459.83,475.92,464.16,5.28,5.21,23.89,3,test
2025-03-23,310.4,322.81,323.51,3.71,3.7,24.21,2,test
2025-03-24,443.6,444.47,442.51,4.97,4.89,23.37,3,test
2025-03-25,339.52,367.68,401.3,4.19,4.14,24.99,2,test
2025-03-26,292.55,285.52,297.85,3.34,3.33,23.64,2,test
2025-03-27,357.83,402.52,422.32,4.55,4.46,24.64,2,test
2025-03-28,419.73,484.6,469.5,5.46,5.33,24.85,3,test
2025-03-29,602.71,617.36,578.75,7.0,6.65,26.4,3,test
2025-03-30,558.68,646.73,593.96,7.33,6.91,26.62,0,test
2025-03-31,557.61,635.57,579.71,7.17,6.76,26.44,0,test
2025-04-01,662.19,655.22,586.19,7.5,7.03,27.19,0,test
2025-04-02,624.98,665.14,609.59,7.62,7.11,27.18,0,test
2025-04-03,581.19,606.06,562.96,6.88,6.47,27.39,3,test
2025-04-04,475.95,475.85,475.79,5.37,5.18,25.79,1,test
2025-04-05,525.75,536.87,523.97,6.13,5.82,24.87,3,test
2025-04-06,516.61,573.09,536.86,6.47,6.09,24.4,3,test
2025-04-07,372.82,422.63,405.31,4.69,4.57,23.12,3,test
2025-04-08,518.41,530.85,515.98,6.0,5.66,24.17,3,test
2025-04-09,372.34,337.32,357.53,3.87,3.7,24.87,2,test
2025-04-10,400.12,430.86,437.67,4.8,4.66,24.04,3,test
2025-04-11,587.52,608.43,570.73,6.88,6.32,26.16,0,test
2025-04-12,535.12,586.83,549.39,6.66,6.13,25.64,1,test
2025-04-13,426.77,423.75,428.79,4.78,4.54,24.04,3,test
2025-04-14,349.52,326.25,329.81,3.71,3.6,24.32,2,test
2025-04-15,432.99,454.19,471.79,5.27,4.92,23.61,1,test
2025-04-16,412.65,437.33,426.37,4.98,4.74,24.43,3,test
2025-04-17,477.33,469.44,464.2,5.39,5.03,25.1,1,test
2025-04-18,364.94,323.08,323.68,3.72,3.52,24.08,2,test
2025-04-19,593.43,584.15,554.25,6.53,5.92,24.59,3,test
2025-04-20,576.95,588.12,546.09,6.56,5.91,25.63,3,test
2025-04-21,496.91,576.58,544.75,6.47,5.83,26.11,1,test
2025-04-22,488.76,511.36,485.13,5.83,5.32,25.76,1,test
2025-04-23,588.13,560.66,538.12,6.35,5.75,25.57,3,test
2025-04-24,434.31,413.11,421.35,4.7,4.33,25.18,1,test
2025-04-25,430.08,414.29,419.49,4.62,4.34,24.81,1,test
2025-04-26,447.02,478.55,477.87,5.37,4.93,25.59,3,test
2025-04-27,437.64,395.32,418.91,4.5,4.15,24.14,1,test
2025-04-28,327.7,344.2,351.14,3.92,3.64,23.55,2,test
2025-04-29,494.55,559.9,535.61,6.23,5.54,24.48,3,test
2025-04-30,453.54,455.39,447.5,5.11,4.7,24.72,3,test
2025-05-01,428.93,366.8,388.2,4.13,3.94,23.55,2,test
2025-05-02,562.47,571.94,550.07,6.3,5.55,23.41,3,test
2025-05-03,519.13,594.6,550.48,6.59,5.75,23.52,0,test
2025-05-04,595.62,650.98,591.96,7.3,6.28,22.9,0,test
2025-05-05,542.39,597.21,561.07,6.72,5.87,22.87,3,test
2025-05-06,543.07,524.38,505.43,5.85,5.19,24.12,3,test
2025-05-07,568.64,582.82,546.09,6.5,5.62,24.51,3,test
2025-05-08,548.28,625.33,576.59,7.03,6.0,24.68,0,test
2025-05-09,574.04,557.31,530.44,6.25,5.46,24.86,3,test
2025-05-10,489.08,542.78,528.13,6.11,5.33,25.49,3,test
2025-05-11,450.27,570.2,545.49,6.38,5.49,25.35,3,test
2025-05-12,595.11,621.71,580.63,6.99,5.91,24.82,0,test
2025-05-13,564.89,589.56,544.85,6.53,5.58,22.11,0,test
2025-05-14,344.24,380.59,364.7,4.26,3.94,20.89,3,test
2025-05-15,529.16,581.92,543.89,6.44,5.5,21.62,0,test
2025-05-16,338.28,359.2,342.93,4.03,3.8,21.3,2,test
2025-05-17,226.15,183.47,222.29,2.28,2.32,20.73,2,test
2025-05-18,584.08,617.81,571.47,6.87,5.77,21.41,0,test
2025-05-19,595.04,632.82,579.11,7.05,5.88,22.26,0,test
2025-05-20,570.23,631.31,575.62,7.03,5.87,22.06,0,test
2025-05-21,538.52,565.1,537.49,6.28,5.34,22.69,1,test
2025-05-22,481.8,528.54,501.43,5.91,5.08,23.66,3,test
2025-05-23,336.25,411.04,409.76,4.61,4.14,23.37,3,test
2025-05-24,422.09,527.92,503.38,5.94,5.09,23.75,3,test
2025-05-25,518.48,565.4,540.56,6.3,5.31,23.21,3,test
2025-05-26,480.48,579.44,545.31,6.4,5.35,22.36,0,test
2025-05-27,528.31,576.66,543.14,6.37,5.31,22.88,0,test
2025-05-28,378.47,427.06,420.92,4.78,4.23,23.88,1,test
2025-05-29,404.97,413.48,399.48,4.7,4.09,22.56,1,test
2025-05-30,414.24,467.28,458.66,5.23,4.59,21.62,1,test
2025-05-31,401.53,452.99,429.2,5.07,4.42,23.42,1,test
2025-06-01,406.07,497.11,452.41,5.51,4.7,23.61,3,test
2025-06-02,410.11,448.41,433.7,5.0,4.39,22.88,3,test
2025-06-03,523.8,574.4,547.05,6.4,5.28,23.4,0,test
2025-06-04,529.68,587.49,545.25,6.56,5.39,23.73,0,test
2025-06-05,501.78,567.11,539.19,6.34,5.27,23.8,3,test
2025-06-06,527.03,597.07,548.48,6.68,5.46,24.81,0,test
2025-06-07,521.01,595.53,547.63,6.67,5.44,24.64,0,test
2025-06-08,469.68,551.94,537.54,6.14,5.05,25.08,0,test
2025-06-09,516.11,582.2,539.24,6.52,5.32,25.13,0,test
2025-06-10,450.43,493.55,449.82,5.51,4.71,22.39,3,test
2025-06-11,521.41,590.25,547.82,6.57,5.35,23.59,0,test
2025-06-12,474.12,539.51,504.08,6.0,5.01,22.26,3,test
2025-06-13,503.55,535.83,487.56,5.96,5.0,21.61,3,test
2025-06-14,567.63,605.19,551.58,6.67,5.41,20.82,0,test
2025-06-15,550.09,596.94,547.39,6.58,5.35,21.09,0,test
2025-06-16,523.22,575.82,540.53,6.34,5.19,21.71,0,test
2025-06-17,561.08,594.43,549.98,6.59,5.36,21.62,0,test
2025-06-18,524.56,559.51,520.69,6.19,5.1,22.22,3,test
2025-06-19,430.02,506.54,458.47,5.65,4.79,22.3,3,test
2025-06-20,429.83,557.21,524.53,6.18,5.09,22.51,3,test
2025-06-21,523.18,594.42,546.15,6.63,5.35,24.17,0,test
2025-06-22,545.89,603.09,543.1,6.77,5.45,24.89,0,test
2025-06-23,528.55,579.57,536.58,6.49,5.26,25.6,0,test
2025-06-24,271.68,272.61,252.51,3.18,3.0,21.25,2,test
2025-06-25,488.78,518.63,473.63,5.83,4.88,22.45,1,test
2025-06-26,525.02,586.38,544.16,6.52,5.28,23.06,0,test
2025-06-27,545.44,603.88,548.12,6.73,5.43,23.5,0,test
2025-06-28,563.77,609.59,556.94,6.8,5.48,23.42,0,test
2025-06-29,532.73,576.66,545.06,6.44,5.28,23.49,0,test
2025-06-30,540.14,601.01,552.11,6.7,5.41,23.76,0,test
2025-07-01,559.19,610.28,556.76,6.81,5.49,23.46,0,test
2025-07-02,560.96,604.17,552.56,6.71,5.42,22.64,0,test
2025-07-03,567.43,612.14,566.68,6.78,5.48,21.9,0,test
2025-07-04,568.39,616.57,565.37,6.82,5.51,21.27,0,test
2025-07-05,533.21,593.84,543.78,6.54,5.35,20.8,0,test
2025-07-06,503.26,600.85,555.71,6.64,5.4,21.76,0,test
2025-07-07,558.05,617.61,560.57,6.87,5.57,22.63,0,test
2025-07-08,563.64,594.58,554.32,6.61,5.42,22.37,0,test
2025-07-09,523.64,558.5,523.75,6.23,5.19,22.52,3,test
2025-07-10,480.82,570.85,533.96,6.32,5.25,21.35,3,test
2025-07-11,324.43,390.76,371.05,4.33,3.93,20.67,3,test
2025-07-12,558.32,569.86,533.62,6.29,5.25,20.5,3,test
2025-07-13,319.89,316.16,314.49,3.62,3.42,19.82,2,test
2025-07-14,375.12,446.55,409.89,4.9,4.34,21.36,3,test
2025-07-15,513.48,583.52,537.84,6.45,5.35,22.09,0,test
2025-07-16,561.06,625.82,566.65,6.98,5.71,22.83,0,test
2025-07-17,557.39,626.37,563.77,6.98,5.72,22.56,0,test
2025-07-18,526.21,602.99,548.7,6.76,5.61,23.51,0,test
2025-07-19,562.75,616.51,561.33,6.88,5.66,23.48,0,test
2025-07-20,539.76,617.32,557.65,6.92,5.7,24.35,0,test
2025-07-21,560.53,610.39,557.98,6.84,5.66,24.14,0,test
2025-07-22,545.89,601.97,543.8,6.77,5.65,25.09,0,test
2025-07-23,542.7,610.68,555.67,6.87,5.7,25.37,0,test
2025-07-24,555.02,618.51,557.91,6.97,5.78,25.47,0,test
2025-07-25,520.25,579.82,536.48,6.55,5.55,25.29,0,test
2025-07-26,539.52,594.61,541.36,6.68,5.61,25.81,0,test
2025-07-27,557.08,623.2,570.52,7.04,5.87,25.45,0,test
2025-07-28,536.22,607.66,544.68,6.88,5.79,26.04,0,test
2025-07-29,537.21,582.11,537.5,6.54,5.56,24.85,0,test
2025-07-30,561.42,628.85,570.68,7.05,5.91,23.62,0,test
2025-07-31,526.25,592.94,544.4,6.64,5.68,23.97,3,test
2025-08-01,514.03,606.52,559.57,6.8,5.76,24.29,0,test
2025-08-02,586.39,639.99,572.59,7.19,6.08,23.47,0,test
2025-08-03,595.13,648.46,588.01,7.25,6.13,22.28,0,test
2025-08-04,547.11,600.95,553.11,6.72,5.77,23.38,0,test
2025-08-05,327.19,339.83,326.59,3.88,3.72,22.91,2,test
2025-08-06,509.79,560.72,528.07,6.28,5.49,23.83,3,test
2025-08-07,492.69,549.02,534.79,6.15,5.38,25.38,3,test
2025-08-08,415.56,484.56,468.83,5.5,4.97,26.04,1,test
2025-08-09,549.87,622.87,567.25,6.99,6.03,23.62,0,test
2025-08-10,565.64,644.28,569.58,7.25,6.23,23.73,0,test
2025-08-11,586.3,655.6,582.52,7.37,6.33,23.27,0,test
2025-08-12,582.09,666.17,594.55,7.49,6.46,22.71,0,test
2025-08-13,580.94,616.62,549.49,6.99,6.11,25.63,0,test
2025-08-14,541.33,577.34,540.25,6.53,5.77,26.6,3,test
2025-08-15,562.43,635.27,567.97,7.2,6.27,26.19,0,test
2025-08-16,581.84,638.76,574.38,7.22,6.31,24.73,0,test
2025-08-17,581.89,652.47,591.68,7.38,6.43,24.97,0,test
2025-08-18,596.36,654.42,593.41,7.44,6.5,25.92,0,test
2025-08-19,592.22,657.31,592.59,7.46,6.53,25.58,0,test
2025-08-20,573.64,642.82,575.23,7.31,6.45,25.89,0,test
2025-08-21,583.54,660.0,583.21,7.55,6.65,26.96,0,test
2025-08-22,616.39,673.31,599.63,7.7,6.8,26.16,0,test
2025-08-23,547.32,634.11,563.65,7.21,6.44,25.98,0,test
2025-08-24,590.04,658.31,590.18,7.51,6.67,26.54,0,test
2025-08-25,602.18,664.64,594.43,7.6,6.75,26.93,0,test
2025-08-26,585.76,657.54,586.66,7.5,6.69,26.91,0,test
2025-08-27,489.86,596.89,537.25,6.75,6.11,26.98,0,test
2025-08-28,546.46,628.11,559.08,7.19,6.49,27.21,0,test
2025-08-29,521.84,558.45,535.1,6.41,5.88,25.59,3,test
2025-08-30,531.86,555.79,524.6,6.34,5.84,24.61,3,test
2025-08-31,603.27,640.81,566.31,7.28,6.61,26.04,0,test
2025-09-01,626.15,592.86,564.02,6.74,6.2,25.4,3,test
2025-09-02,628.52,661.44,586.41,7.46,6.78,24.09,0,test
2025-09-03,528.8,589.89,549.21,6.58,6.1,22.78,3,test
2025-09-04,572.88,531.45,503.25,6.01,5.64,23.74,1,test
2025-09-05,484.19,499.73,494.12,5.71,5.36,25.39,1,test
2025-09-06,526.63,631.44,569.78,7.21,6.66,27.0,0,test
2025-09-07,639.26,680.5,603.07,7.84,7.2,27.82,0,test
2025-09-08,656.99,680.63,600.41,7.82,7.2,27.14,0,test
2025-09-09,620.51,659.13,585.82,7.6,7.04,28.4,0,test
2025-09-10,546.15,627.13,565.15,7.22,6.74,29.17,0,test
2025-09-11,616.74,668.34,595.02,7.76,7.22,29.72,0,test
2025-09-12,572.72,634.91,565.15,7.35,6.89,29.6,0,test
2025-09-13,515.89,536.2,521.87,6.17,5.89,29.37,1,test
2025-09-14,513.1,519.59,507.67,6.04,5.79,28.37,3,test
2025-09-15,438.61,481.28,478.16,5.6,5.36,28.3,1,test
2025-09-16,440.35,503.94,485.45,5.83,5.59,28.15,1,test
2025-09-17,252.91,249.54,284.22,3.03,3.02,26.89,2,test
2025-09-18,357.02,384.39,398.81,4.5,4.45,28.04,3,test
2025-09-19,313.86,351.45,390.08,4.2,4.12,26.17,2,test
2025-09-20,555.62,569.02,533.45,6.5,6.27,24.57,3,test
2025-09-21,624.95,595.27,561.85,6.8,6.54,28.28,1,test
2025-09-22,431.86,453.12,433.98,5.04,4.97,25.32,3,test
2025-09-23,462.3,500.14,485.53,5.75,5.62,26.48,1,test
2025-09-24,288.95,263.68,278.93,3.19,3.17,23.21,2,test
2025-09-25,567.69,588.53,547.52,6.58,6.41,25.01,1,test
2025-09-26,628.29,610.19,559.8,6.97,6.78,24.13,3,test
2025-09-27,664.96,672.61,613.0,7.62,7.4,24.72,0,test
2025-09-28,699.23,699.21,630.45,8.05,7.81,26.5,0,test
2025-09-29,699.44,704.21,610.96,8.19,7.97,28.23,0,test
2025-09-30,704.48,696.23,607.88,8.13,7.94,29.42,0,test
2025-10-01,643.24,682.34,601.97,7.92,7.75,29.01,0,test
2025-10-02,713.11,694.76,609.37,8.09,7.94,28.98,0,test
2025-10-03,703.89,685.46,615.52,7.92,7.8,27.86,0,test
2025-10-04,712.83,675.57,606.75,7.8,7.69,28.01,0,test
2025-10-05,709.79,660.04,599.34,7.62,7.54,28.35,0,test
2025-10-06,0.0,663.7,607.92,7.71,7.64,29.42,0,forecast
2025-10-07,0.0,586.37,538.11,6.8,6.78,31.97,3,forecast
2025-10-08,0.0,549.52,529.53,6.34,6.34,31.77,3,forecast
2025-10-09,0.0,623.16,580.1,7.2,7.19,29.75,0,forecast
2025-10-10,0.0,542.65,563.45,6.19,6.21,27.53,0,forecast
2025-10-11,0.0,497.55,461.93,5.63,5.66,27.33,3,forecast
2025-10-12,0.0,422.09,433.08,4.83,4.88,29.01,3,forecast
2025-10-13,0.0,471.62,480.62,5.37,5.42,29.84,3,forecast
2025-10-14,0.0,405.57,407.98,4.6,4.65,27.57,2,forecast
2025-10-15,0.0,561.58,537.31,6.38,6.44,27.06,3,forecast
2025-10-16,0.0,332.52,381.54,3.87,3.93,28.04,2,forecast
2025-10-17,0.0,553.31,539.88,6.29,6.38,27.07,3,forecast
2025-10-18,0.0,582.86,561.23,6.59,6.7,24.92,3,forecast
2025-10-19,0.0,624.37,589.62,7.18,7.32,28.84,0,forecast
