date_time,air_temp,panel_temp,wind_speed_10m,wind_direction_10m,dni,dhi,relative_humidity,gti,ghi
2024-07-07 00:00:00+00:00,18.41,18.41,3.23,65.1,0.0,0.0,61.0,0.0,0.0
2024-07-07 01:00:00+00:00,17.55,17.55,2.73,65.5,0.0,0.0,64.6,0.0,0.0
2024-07-07 02:00:00+00:00,17.09,17.09,2.79,76.7,0.0,0.0,67.1,0.0,0.0
2024-07-07 03:00:00+00:00,16.98,16.98,3.94,82.3,0.0,0.0,67.1,0.0,0.0
2024-07-07 04:00:00+00:00,16.49,16.49,4.06,86.7,0.0,0.0,71.1,0.0,0.0
2024-07-07 05:00:00+00:00,16.17,16.17,4.24,87.5,0.0,0.0,72.6,0.0,0.0
2024-07-07 06:00:00+00:00,16.06,16.06,3.65,80.4,0.0,0.0,73.9,0.0,0.0
2024-07-07 07:00:00+00:00,16.09,16.09,3.33,76.2,0.0,0.0,74.2,0.0,0.0
2024-07-07 08:00:00+00:00,15.93,15.93,3.25,74.0,0.0,0.0,74.6,0.0,0.0
2024-07-07 09:00:00+00:00,15.81,15.81,3.33,72.4,0.0,0.0,74.6,0.0,0.0
2024-07-07 10:00:00+00:00,16.07,27.54,3.3,69.7,6.39,15.97,74.3,54.6,35.05
2024-07-07 11:00:00+00:00,17.3,38.79,4.26,68.6,190.38,51.12,72.1,454.61,243.79
2024-07-07 12:00:00+00:00,18.27,46.81,4.67,68.2,399.22,74.6,69.4,739.97,473.82
2024-07-07 13:00:00+00:00,19.63,50.21,4.14,62.8,506.51,103.88,62.1,860.72,610.39
2024-07-07 14:00:00+00:00,21.13,52.52,3.14,52.6,569.24,136.62,51.0,942.86,705.86
2024-07-07 15:00:00+00:00,22.0,53.59,2.47,22.3,596.83,154.2,44.5,981.05,751.03
2024-07-07 16:00:00+00:00,22.36,51.2,2.12,4.6,477.35,215.55,43.2,896.06,692.91
2024-07-07 17:00:00+00:00,22.74,48.83,1.78,345.2,381.1,238.22,41.3,811.76,619.32
2024-07-07 18:00:00+00:00,22.96,45.47,1.45,320.5,329.95,163.38,39.8,692.12,493.33
2024-07-07 19:00:00+00:00,22.98,34.21,1.14,304.9,44.31,184.55,39.0,291.78,228.86
2024-07-07 20:00:00+00:00,22.76,30.72,1.09,251.7,32.67,72.83,38.9,167.7,106.37
2024-07-07 21:00:00+00:00,21.54,21.54,1.41,212.4,0.0,0.0,42.6,0.0,0.0
2024-07-07 22:00:00+00:00,21.07,21.07,1.41,146.9,0.0,0.0,45.3,0.0,0.0
2024-07-07 23:00:00+00:00,20.47,20.47,2.47,95.4,0.0,0.0,49.6,0.0,0.0
2024-07-08 00:00:00+00:00,19.77,19.77,2.3,83.4,0.0,0.0,52.6,0.0,0.0
2024-07-08 01:00:00+00:00,19.39,19.39,2.15,64.4,0.0,0.0,53.3,0.0,0.0
2024-07-08 02:00:00+00:00,19.2,19.2,2.15,70.5,0.0,0.0,54.4,0.0,0.0
2024-07-08 03:00:00+00:00,18.8,18.8,2.45,76.0,0.0,0.0,54.7,0.0,0.0
2024-07-08 04:00:00+00:00,18.06,18.06,2.43,74.1,0.0,0.0,56.1,0.0,0.0
2024-07-08 05:00:00+00:00,17.92,17.92,2.59,67.4,0.0,0.0,55.1,0.0,0.0
2024-07-08 06:00:00+00:00,17.53,17.53,2.3,63.9,0.0,0.0,56.4,0.0,0.0
2024-07-08 07:00:00+00:00,17.25,17.25,2.25,61.1,0.0,0.0,57.3,0.0,0.0
2024-07-08 08:00:00+00:00,17.18,17.18,2.35,59.7,0.0,0.0,56.9,0.0,0.0
2024-07-08 09:00:00+00:00,17.08,17.08,2.59,56.2,0.0,0.0,56.1,0.0,0.0
2024-07-08 10:00:00+00:00,16.97,27.54,2.65,55.9,6.39,15.97,56.4,54.6,35.05
2024-07-08 11:00:00+00:00,18.52,38.79,3.46,51.5,190.38,51.12,50.9,454.61,243.79
2024-07-08 12:00:00+00:00,19.37,46.72,3.71,53.5,397.47,74.27,48.0,736.72,471.74
2024-07-08 13:00:00+00:00,20.65,47.4,3.41,59.2,358.34,204.53,43.5,760.93,562.86
2024-07-08 14:00:00+00:00,21.44,52.74,2.1,75.1,573.94,137.75,40.4,950.65,711.7
2024-07-08 15:00:00+00:00,21.84,53.0,1.17,122.3,515.25,232.67,38.6,960.09,747.91
2024-07-08 16:00:00+00:00,22.22,48.57,1.42,151.1,241.66,410.74,37.5,802.38,652.4
2024-07-08 17:00:00+00:00,22.42,48.35,1.86,144.5,373.02,233.17,37.1,794.54,606.19
2024-07-08 18:00:00+00:00,22.57,44.18,2.15,140.8,269.67,205.16,37.0,646.48,474.83
2024-07-08 19:00:00+00:00,22.33,35.73,2.37,144.5,94.6,155.26,37.6,346.0,249.86
2024-07-08 20:00:00+00:00,22.07,30.71,2.55,144.1,32.6,72.67,38.4,167.34,106.14
2024-07-08 21:00:00+00:00,21.11,21.11,2.25,139.0,0.0,0.0,41.3,0.0,0.0
2024-07-08 22:00:00+00:00,20.88,20.88,2.65,132.9,0.0,0.0,41.8,0.0,0.0
2024-07-08 23:00:00+00:00,19.58,19.58,2.44,124.9,0.0,0.0,46.1,0.0,0.0
2024-07-09 00:00:00+00:00,19.73,19.73,2.63,109.4,0.0,0.0,46.0,0.0,0.0
2024-07-09 01:00:00+00:00,19.52,19.52,2.81,92.9,0.0,0.0,46.6,0.0,0.0
2024-07-09 02:00:00+00:00,18.01,18.01,2.38,74.0,0.0,0.0,51.0,0.0,0.0
2024-07-09 03:00:00+00:00,18.11,18.11,2.51,61.5,0.0,0.0,50.7,0.0,0.0
2024-07-09 04:00:00+00:00,17.64,17.64,3.26,69.3,0.0,0.0,53.9,0.0,0.0
2024-07-09 05:00:00+00:00,17.62,17.62,3.68,70.8,0.0,0.0,55.1,0.0,0.0
2024-07-09 06:00:00+00:00,17.3,17.3,3.71,68.3,0.0,0.0,55.2,0.0,0.0
2024-07-09 07:00:00+00:00,17.19,17.19,4.01,64.9,0.0,0.0,54.2,0.0,0.0
2024-07-09 08:00:00+00:00,16.83,16.83,4.15,60.1,0.0,0.0,54.1,0.0,0.0
2024-07-09 09:00:00+00:00,15.91,15.91,3.77,58.1,0.0,0.0,56.4,0.0,0.0
2024-07-09 10:00:00+00:00,16.58,27.54,3.68,57.9,6.39,15.97,53.6,54.6,35.05
2024-07-09 11:00:00+00:00,18.15,34.51,4.52,60.7,88.37,102.66,48.5,302.59,192.1
2024-07-09 12:00:00+00:00,19.79,39.18,4.91,63.9,155.57,184.57,42.9,468.73,340.13
2024-07-09 13:00:00+00:00,20.78,50.57,4.62,73.2,514.14,105.45,38.9,873.69,619.59
2024-07-09 14:00:00+00:00,21.22,52.96,3.69,85.5,580.51,139.33,36.7,958.57,719.84
2024-07-09 15:00:00+00:00,21.62,48.29,3.11,88.5,239.36,406.83,35.3,792.56,646.19
2024-07-09 16:00:00+00:00,21.99,50.69,2.89,90.6,396.12,296.22,34.5,877.85,692.34
2024-07-09 17:00:00+00:00,22.24,44.61,2.84,91.4,147.51,391.77,34.3,661.68,539.27
2024-07-09 18:00:00+00:00,22.49,38.82,2.45,96.3,43.4,336.32,34.0,455.89,379.73
2024-07-09 19:00:00+00:00,22.47,37.19,2.51,103.3,121.46,159.25,34.4,397.74,280.71
2024-07-09 20:00:00+00:00,21.95,31.14,3.18,101.9,39.46,70.82,36.3,182.68,111.34
2024-07-09 21:00:00+00:00,20.78,20.78,3.24,95.0,0.0,0.0,39.7,0.0,0.0
2024-07-09 22:00:00+00:00,20.15,20.15,3.07,89.6,0.0,0.0,42.0,0.0,0.0
2024-07-09 23:00:00+00:00,19.56,19.56,3.31,78.1,0.0,0.0,44.0,0.0,0.0
2024-07-10 00:00:00+00:00,19.03,19.03,3.35,65.3,0.0,0.0,45.5,0.0,0.0
2024-07-10 01:00:00+00:00,18.67,18.67,3.23,56.0,0.0,0.0,46.5,0.0,0.0
2024-07-10 02:00:00+00:00,17.63,17.63,3.04,52.9,0.0,0.0,49.7,0.0,0.0
2024-07-10 03:00:00+00:00,16.97,16.97,3.23,55.2,0.0,0.0,51.7,0.0,0.0
2024-07-10 04:00:00+00:00,16.73,16.73,3.25,53.9,0.0,0.0,52.0,0.0,0.0
2024-07-10 05:00:00+00:00,16.38,16.38,3.16,51.7,0.0,0.0,52.7,0.0,0.0
2024-07-10 06:00:00+00:00,15.89,15.89,4.3,53.3,0.0,0.0,56.4,0.0,0.0
2024-07-10 07:00:00+00:00,15.58,15.58,4.81,49.9,0.0,0.0,63.3,0.0,0.0
2024-07-10 08:00:00+00:00,15.19,15.19,4.47,45.0,0.0,0.0,68.1,0.0,0.0
2024-07-10 09:00:00+00:00,15.61,15.61,4.68,41.8,0.0,0.0,66.9,0.0,0.0
2024-07-10 10:00:00+00:00,15.84,27.72,4.63,38.8,8.02,13.56,65.9,61.04,44.02
2024-07-10 11:00:00+00:00,17.69,38.98,4.88,36.0,193.26,51.89,57.6,461.47,247.47
2024-07-10 12:00:00+00:00,19.4,44.96,4.54,35.2,352.97,86.91,49.3,674.25,439.88
2024-07-10 13:00:00+00:00,20.78,51.02,3.37,34.0,523.58,107.39,43.1,889.73,630.97
2024-07-10 14:00:00+00:00,21.69,53.74,2.13,33.5,597.21,143.34,39.5,986.14,740.55
2024-07-10 15:00:00+00:00,22.31,54.13,1.19,40.7,610.05,157.61,36.8,1000.02,767.66
2024-07-10 16:00:00+00:00,22.8,53.68,0.81,63.9,596.96,154.23,35.3,984.01,751.2
2024-07-10 17:00:00+00:00,23.23,48.86,0.74,99.5,381.54,238.5,34.2,812.71,620.04
2024-07-10 18:00:00+00:00,23.52,43.34,0.98,129.4,235.26,224.21,33.7,616.44,459.47
2024-07-10 19:00:00+00:00,23.5,39.98,1.39,140.0,200.85,124.98,33.9,497.22,325.83
2024-07-10 20:00:00+00:00,23.15,33.61,1.99,134.9,87.84,40.21,35.1,270.41,154.39
2024-07-10 21:00:00+00:00,22.49,22.49,2.16,120.6,0.0,0.0,36.7,0.0,0.0
2024-07-10 22:00:00+00:00,21.99,21.99,2.01,107.7,0.0,0.0,38.3,0.0,0.0
2024-07-10 23:00:00+00:00,21.8,21.8,2.41,91.7,0.0,0.0,39.7,0.0,0.0
2024-07-11 00:00:00+00:00,20.55,20.55,1.99,78.4,0.0,0.0,44.0,0.0,0.0
2024-07-11 01:00:00+00:00,20.08,20.08,2.33,59.3,0.0,0.0,46.8,0.0,0.0
2024-07-11 02:00:00+00:00,19.91,19.91,2.39,34.8,0.0,0.0,49.1,0.0,0.0
2024-07-11 03:00:00+00:00,19.26,19.26,2.48,38.5,0.0,0.0,51.4,0.0,0.0
2024-07-11 04:00:00+00:00,19.44,19.44,3.65,53.3,0.0,0.0,50.2,0.0,0.0
2024-07-11 05:00:00+00:00,18.8,18.8,4.77,57.7,0.0,0.0,52.3,0.0,0.0
2024-07-11 06:00:00+00:00,17.94,17.94,5.01,55.3,0.0,0.0,57.7,0.0,0.0
2024-07-11 07:00:00+00:00,17.52,17.52,4.59,55.2,0.0,0.0,59.4,0.0,0.0
2024-07-11 08:00:00+00:00,16.93,16.93,4.7,52.4,0.0,0.0,62.6,0.0,0.0
2024-07-11 09:00:00+00:00,16.64,16.64,4.99,42.0,0.0,0.0,64.7,0.0,0.0
2024-07-11 10:00:00+00:00,16.77,27.72,5.61,34.6,8.02,13.56,64.6,61.04,44.02
2024-07-11 11:00:00+00:00,18.19,38.75,5.98,32.5,192.66,51.68,58.1,453.31,246.49
2024-07-11 12:00:00+00:00,19.74,45.6,6.08,35.4,364.75,89.81,51.6,696.75,454.56
2024-07-11 13:00:00+00:00,21.17,51.13,5.56,41.6,525.84,107.85,45.6,893.56,633.69
2024-07-11 14:00:00+00:00,22.11,53.74,4.29,43.0,597.21,143.34,41.5,986.14,740.55
2024-07-11 15:00:00+00:00,22.71,54.13,3.4,45.0,610.05,157.61,38.8,1000.02,767.66
2024-07-11 16:00:00+00:00,23.21,53.31,3.36,49.5,589.15,152.22,37.7,971.15,741.38
2024-07-11 17:00:00+00:00,23.66,48.66,3.18,54.1,360.88,259.17,36.8,805.62,620.04
2024-07-11 18:00:00+00:00,23.9,43.34,3.26,59.5,235.26,224.21,36.6,616.44,459.47
2024-07-11 19:00:00+00:00,23.73,39.98,3.34,65.5,200.85,124.98,37.0,497.22,325.83
2024-07-11 20:00:00+00:00,23.33,33.86,3.53,75.2,92.38,43.73,37.5,279.34,154.39
2024-07-11 21:00:00+00:00,22.15,22.15,3.85,78.6,0.0,0.0,40.1,0.0,0.0
2024-07-11 22:00:00+00:00,21.5,21.5,4.02,73.1,0.0,0.0,43.0,0.0,0.0
2024-07-11 23:00:00+00:00,20.47,20.47,3.63,69.1,0.0,0.0,46.6,0.0,0.0
2024-07-12 00:00:00+00:00,19.54,19.54,2.53,63.9,0.0,0.0,48.1,0.0,0.0
2024-07-12 01:00:00+00:00,19.03,19.03,1.67,67.4,0.0,0.0,49.2,0.0,0.0
2024-07-12 02:00:00+00:00,18.78,18.78,1.92,82.2,0.0,0.0,50.9,0.0,0.0
2024-07-12 03:00:00+00:00,18.02,18.02,2.49,78.0,0.0,0.0,54.5,0.0,0.0
2024-07-12 04:00:00+00:00,17.52,17.52,3.38,67.4,0.0,0.0,58.1,0.0,0.0
2024-07-12 05:00:00+00:00,17.47,17.47,3.77,68.4,0.0,0.0,60.5,0.0,0.0
2024-07-12 06:00:00+00:00,17.42,17.42,4.57,71.5,0.0,0.0,61.1,0.0,0.0
2024-07-12 07:00:00+00:00,17.81,17.81,4.66,70.3,0.0,0.0,58.8,0.0,0.0
2024-07-12 08:00:00+00:00,17.1,17.1,4.16,60.8,0.0,0.0,62.2,0.0,0.0
2024-07-12 09:00:00+00:00,17.32,17.32,4.21,53.8,0.0,0.0,62.1,0.0,0.0
2024-07-12 10:00:00+00:00,17.63,27.72,4.14,51.2,8.02,13.56,60.3,61.04,44.02
2024-07-12 11:00:00+00:00,19.5,38.75,4.12,51.2,192.66,51.68,52.4,453.31,246.49
2024-07-12 12:00:00+00:00,21.14,45.6,4.23,58.1,364.75,89.81,43.2,696.75,454.56
2024-07-12 13:00:00+00:00,21.77,51.87,2.49,73.3,563.65,82.92,38.5,919.91,646.57
2024-07-12 14:00:00+00:00,22.21,53.36,1.88,92.1,589.12,141.39,36.8,972.78,730.51
2024-07-12 15:00:00+00:00,22.57,54.05,1.6,122.3,610.05,157.61,35.8,997.31,767.66
2024-07-12 16:00:00+00:00,22.78,53.6,1.79,144.0,596.96,154.23,35.5,981.27,751.2
2024-07-12 17:00:00+00:00,23.08,48.93,2.08,151.3,365.19,262.27,35.0,815.25,627.46
2024-07-12 18:00:00+00:00,23.23,43.34,2.22,163.3,235.26,224.21,34.7,616.44,459.47
2024-07-12 19:00:00+00:00,23.11,39.98,2.7,175.0,200.85,124.98,35.0,497.22,325.83
2024-07-12 20:00:00+00:00,22.6,33.86,3.23,172.7,92.38,43.73,36.7,279.34,154.39
2024-07-12 21:00:00+00:00,21.85,21.85,3.02,168.0,0.0,0.0,39.3,0.0,0.0
2024-07-12 22:00:00+00:00,21.03,21.03,4.32,174.2,0.0,0.0,46.6,0.0,0.0
2024-07-12 23:00:00+00:00,19.81,19.81,5.09,173.7,0.0,0.0,61.2,0.0,0.0
2024-07-13 00:00:00+00:00,18.75,18.75,4.96,173.9,0.0,0.0,67.3,0.0,0.0
2024-07-13 01:00:00+00:00,17.98,17.98,4.46,174.3,0.0,0.0,72.0,0.0,0.0
2024-07-13 02:00:00+00:00,17.46,17.46,4.02,174.7,0.0,0.0,75.7,0.0,0.0
2024-07-13 03:00:00+00:00,16.82,16.82,4.03,178.5,0.0,0.0,80.1,0.0,0.0
2024-07-13 04:00:00+00:00,16.21,16.21,4.02,179.3,0.0,0.0,83.8,0.0,0.0
2024-07-13 05:00:00+00:00,16.13,16.13,4.42,171.9,0.0,0.0,85.1,0.0,0.0
2024-07-13 06:00:00+00:00,15.87,15.87,3.78,171.1,0.0,0.0,86.7,0.0,0.0
2024-07-13 07:00:00+00:00,15.64,15.64,3.7,172.3,0.0,0.0,87.3,0.0,0.0
2024-07-13 08:00:00+00:00,15.33,15.33,3.57,173.2,0.0,0.0,87.8,0.0,0.0
2024-07-13 09:00:00+00:00,14.97,14.97,3.09,175.6,0.0,0.0,88.4,0.0,0.0
2024-07-13 10:00:00+00:00,14.91,27.72,3.4,181.6,8.02,13.56,87.4,61.04,44.02
2024-07-13 11:00:00+00:00,15.23,38.75,3.69,170.2,192.66,51.68,84.8,453.31,246.49
2024-07-13 12:00:00+00:00,15.92,45.6,3.71,155.3,364.75,89.81,81.4,696.75,454.56
2024-07-13 13:00:00+00:00,16.81,51.03,3.79,147.2,525.83,107.85,78.1,889.95,633.69
2024-07-13 14:00:00+00:00,17.8,53.7,4.09,131.6,596.34,143.13,74.4,984.72,739.48
2024-07-13 15:00:00+00:00,18.28,55.7,4.29,121.2,698.71,106.27,73.1,1056.12,804.98
2024-07-13 16:00:00+00:00,18.56,53.69,4.33,113.9,599.05,154.77,72.9,984.7,753.82
2024-07-13 17:00:00+00:00,18.88,48.9,4.33,115.6,364.8,261.98,71.6,814.36,626.77
2024-07-13 18:00:00+00:00,19.21,41.74,3.94,118.2,179.13,249.89,69.2,559.74,429.02
2024-07-13 19:00:00+00:00,19.19,37.69,3.97,119.1,131.49,161.59,68.2,415.82,293.08
2024-07-13 20:00:00+00:00,18.87,33.85,4.53,117.3,93.66,40.76,71.4,279.06,156.52
2024-07-13 21:00:00+00:00,18.58,18.58,4.28,110.5,0.0,0.0,70.6,0.0,0.0
2024-07-13 22:00:00+00:00,18.3,18.3,3.58,110.7,0.0,0.0,72.9,0.0,0.0
2024-07-13 23:00:00+00:00,18.03,18.03,3.44,118.1,0.0,0.0,75.2,0.0,0.0
2024-07-14 00:00:00+00:00,17.67,17.67,3.36,121.6,0.0,0.0,77.7,0.0,0.0
2024-07-14 01:00:00+00:00,17.45,17.45,3.24,127.2,0.0,0.0,78.4,0.0,0.0
2024-07-14 02:00:00+00:00,16.61,16.61,2.71,126.8,0.0,0.0,81.2,0.0,0.0
2024-07-14 03:00:00+00:00,16.64,16.64,3.65,121.6,0.0,0.0,80.3,0.0,0.0
2024-07-14 04:00:00+00:00,16.71,16.71,3.71,121.6,0.0,0.0,80.1,0.0,0.0
2024-07-14 05:00:00+00:00,16.46,16.46,4.3,110.5,0.0,0.0,82.5,0.0,0.0
2024-07-14 06:00:00+00:00,16.11,16.11,4.16,105.6,0.0,0.0,86.9,0.0,0.0
2024-07-14 07:00:00+00:00,15.64,15.64,4.88,92.6,0.0,0.0,91.0,0.0,0.0
2024-07-14 08:00:00+00:00,15.95,15.95,5.5,83.9,0.0,0.0,87.0,0.0,0.0
2024-07-14 09:00:00+00:00,15.8,15.8,6.39,83.2,0.0,0.0,85.8,0.0,0.0
2024-07-14 10:00:00+00:00,15.63,27.65,7.15,79.0,7.6,13.45,82.6,58.53,41.71
2024-07-14 11:00:00+00:00,15.78,38.78,8.48,73.6,193.18,51.82,77.2,454.53,247.15
2024-07-14 12:00:00+00:00,16.59,46.42,9.03,72.6,394.34,73.69,71.7,726.11,468.02
2024-07-14 13:00:00+00:00,17.34,51.08,8.98,75.4,526.89,108.07,69.1,891.74,634.96
2024-07-14 14:00:00+00:00,18.13,53.19,8.72,74.9,585.45,140.51,64.1,966.73,725.97
2024-07-14 15:00:00+00:00,18.64,55.7,8.07,74.7,698.71,106.27,61.1,1056.12,804.98
2024-07-14 16:00:00+00:00,18.85,53.37,7.64,77.1,591.94,152.94,59.9,973.02,744.88
2024-07-14 17:00:00+00:00,18.69,48.9,7.5,82.1,364.8,261.98,61.8,814.36,626.77
2024-07-14 18:00:00+00:00,18.13,44.82,6.76,88.6,280.14,213.12,65.2,669.27,493.27
2024-07-14 19:00:00+00:00,17.26,38.95,6.24,97.2,162.95,153.03,73.5,460.53,315.98
2024-07-14 20:00:00+00:00,16.89,34.14,5.87,96.9,98.93,38.55,75.6,289.54,165.34
2024-07-14 21:00:00+00:00,16.85,16.85,5.96,96.5,0.0,0.0,72.8,0.0,0.0
2024-07-14 22:00:00+00:00,16.5,16.5,5.77,90.3,0.0,0.0,72.5,0.0,0.0
2024-07-14 23:00:00+00:00,16.41,16.41,5.53,83.7,0.0,0.0,72.7,0.0,0.0
2024-07-15 00:00:00+00:00,16.24,16.24,6.81,88.6,0.0,0.0,71.4,0.0,0.0
2024-07-15 01:00:00+00:00,15.9,15.9,6.13,92.0,0.0,0.0,71.3,0.0,0.0
2024-07-15 02:00:00+00:00,15.71,15.71,6.05,97.3,0.0,0.0,74.8,0.0,0.0
2024-07-15 03:00:00+00:00,15.75,15.75,7.05,97.7,0.0,0.0,77.2,0.0,0.0
2024-07-15 04:00:00+00:00,15.39,15.39,7.81,97.3,0.0,0.0,81.1,0.0,0.0
2024-07-15 05:00:00+00:00,14.93,14.93,8.05,95.4,0.0,0.0,82.6,0.0,0.0
2024-07-15 06:00:00+00:00,14.51,14.51,7.91,92.8,0.0,0.0,84.3,0.0,0.0
2024-07-15 07:00:00+00:00,14.22,14.22,7.88,93.4,0.0,0.0,84.2,0.0,0.0
2024-07-15 08:00:00+00:00,14.02,14.02,7.84,95.5,0.0,0.0,84.5,0.0,0.0
2024-07-15 09:00:00+00:00,13.9,13.9,8.29,92.2,0.0,0.0,85.0,0.0,0.0
2024-07-15 10:00:00+00:00,13.84,27.72,9.16,86.6,8.02,13.56,82.9,61.04,44.02
2024-07-15 11:00:00+00:00,14.16,38.75,9.4,85.5,192.66,51.68,78.8,453.31,246.49
2024-07-15 12:00:00+00:00,17.18,45.6,8.83,82.2,364.75,89.81,71.1,696.75,454.56
2024-07-15 13:00:00+00:00,18.1,50.92,8.98,83.4,523.58,107.39,65.0,886.13,630.97
2024-07-15 14:00:00+00:00,18.99,53.65,8.91,84.3,597.21,143.34,58.8,983.16,740.55
2024-07-15 15:00:00+00:00,20.83,54.05,8.79,85.9,610.05,157.61,50.4,997.31,767.66
2024-07-15 16:00:00+00:00,21.59,53.6,8.84,86.9,596.96,154.23,47.2,981.27,751.2
2024-07-15 17:00:00+00:00,22.23,48.6,8.63,90.0,360.87,259.17,44.5,803.63,620.04
2024-07-15 18:00:00+00:00,22.32,43.28,8.15,91.2,235.26,224.21,43.2,614.5,459.47
2024-07-15 19:00:00+00:00,22.21,37.69,7.96,91.2,131.49,161.59,42.8,415.82,293.08
2024-07-15 20:00:00+00:00,21.38,34.14,7.79,93.3,98.93,38.55,45.3,289.54,165.34
2024-07-15 21:00:00+00:00,19.71,19.71,5.87,97.8,0.0,0.0,51.7,0.0,0.0
2024-07-15 22:00:00+00:00,18.81,18.81,5.21,101.1,0.0,0.0,56.5,0.0,0.0
2024-07-15 23:00:00+00:00,18.21,18.21,5.13,99.6,0.0,0.0,60.1,0.0,0.0
2024-07-16 00:00:00+00:00,17.63,17.63,4.9,98.8,0.0,0.0,63.3,0.0,0.0
2024-07-16 01:00:00+00:00,16.54,16.54,4.27,101.4,0.0,0.0,68.8,0.0,0.0
2024-07-16 02:00:00+00:00,16.05,16.05,4.28,107.4,0.0,0.0,71.8,0.0,0.0
2024-07-16 03:00:00+00:00,15.77,15.77,4.71,106.1,0.0,0.0,74.4,0.0,0.0
2024-07-16 04:00:00+00:00,15.34,15.34,5.06,104.2,0.0,0.0,79.5,0.0,0.0
2024-07-16 05:00:00+00:00,15.03,15.03,5.16,101.4,0.0,0.0,84.0,0.0,0.0
2024-07-16 06:00:00+00:00,14.56,14.56,5.2,99.2,0.0,0.0,87.9,0.0,0.0
2024-07-16 07:00:00+00:00,14.21,14.21,5.37,96.2,0.0,0.0,90.1,0.0,0.0
2024-07-16 08:00:00+00:00,13.71,13.71,5.59,93.3,0.0,0.0,92.7,0.0,0.0
2024-07-16 09:00:00+00:00,13.63,13.63,5.7,89.3,0.0,0.0,92.5,0.0,0.0
2024-07-16 10:00:00+00:00,13.43,27.66,6.29,86.9,7.54,14.33,92.6,59.18,41.34
2024-07-16 11:00:00+00:00,15.02,38.75,8.12,84.2,192.68,51.69,78.4,453.37,246.52
2024-07-16 12:00:00+00:00,16.45,45.81,8.49,85.5,368.77,90.8,68.7,704.43,459.57
2024-07-16 13:00:00+00:00,18.24,51.08,8.32,86.0,526.89,108.07,60.5,891.74,634.96
2024-07-16 14:00:00+00:00,20.77,53.1,8.4,85.3,585.36,140.49,50.8,963.64,725.85
2024-07-16 15:00:00+00:00,22.55,55.62,8.66,83.6,698.71,106.27,44.3,1053.06,804.98
2024-07-16 16:00:00+00:00,23.36,52.89,8.72,84.0,513.16,231.72,41.9,956.2,744.88
2024-07-16 17:00:00+00:00,23.89,48.85,8.22,85.5,364.79,261.98,40.2,812.35,626.77
2024-07-16 18:00:00+00:00,24.22,44.82,7.84,87.6,280.14,213.12,37.7,669.27,493.27
2024-07-16 19:00:00+00:00,24.04,37.69,7.59,88.7,131.49,161.59,36.4,415.82,293.08
2024-07-16 20:00:00+00:00,22.87,34.14,6.99,89.8,98.93,38.55,39.0,289.54,165.34
2024-07-16 21:00:00+00:00,20.58,20.58,4.61,92.9,0.0,0.0,46.0,0.0,0.0
2024-07-16 22:00:00+00:00,19.1,19.1,3.64,94.9,0.0,0.0,51.0,0.0,0.0
2024-07-16 23:00:00+00:00,18.0,18.0,3.02,93.9,0.0,0.0,54.9,0.0,0.0
2024-07-17 00:00:00+00:00,17.37,17.37,2.91,97.1,0.0,0.0,56.8,0.0,0.0
2024-07-17 01:00:00+00:00,17.35,17.35,3.16,108.5,0.0,0.0,56.4,0.0,0.0
2024-07-17 02:00:00+00:00,16.81,16.81,3.27,113.2,0.0,0.0,59.2,0.0,0.0
2024-07-17 03:00:00+00:00,16.92,16.92,4.11,112.6,0.0,0.0,61.5,0.0,0.0
2024-07-17 04:00:00+00:00,16.84,16.84,4.62,111.7,0.0,0.0,65.0,0.0,0.0
2024-07-17 05:00:00+00:00,16.43,16.43,4.67,105.9,0.0,0.0,69.3,0.0,0.0
2024-07-17 06:00:00+00:00,16.49,16.49,4.67,99.4,0.0,0.0,69.8,0.0,0.0
2024-07-17 07:00:00+00:00,15.92,15.92,4.9,97.9,0.0,0.0,73.1,0.0,0.0
2024-07-17 08:00:00+00:00,16.05,16.05,4.69,98.2,0.0,0.0,73.9,0.0,0.0
2024-07-17 09:00:00+00:00,15.2,15.2,4.41,96.7,0.0,0.0,79.6,0.0,0.0
2024-07-17 10:00:00+00:00,15.09,27.91,4.33,93.3,9.48,17.5,81.8,67.77,44.68
2024-07-17 11:00:00+00:00,16.57,35.83,5.48,87.8,121.76,86.92,76.5,349.43,210.04
2024-07-17 12:00:00+00:00,17.82,42.61,6.55,82.8,253.61,153.99,70.7,590.64,407.6
2024-07-17 13:00:00+00:00,19.3,37.21,6.18,84.5,5.57,336.51,62.7,398.45,342.08
2024-07-17 14:00:00+00:00,20.87,44.25,5.92,88.1,61.72,486.61,55.1,648.88,548.32
2024-07-17 15:00:00+00:00,22.56,44.75,6.37,87.9,35.25,534.25,47.7,666.65,569.51
2024-07-17 16:00:00+00:00,23.43,44.65,6.71,84.2,35.04,531.08,43.1,663.0,566.13
2024-07-17 17:00:00+00:00,24.39,41.39,7.0,83.1,13.94,455.08,38.1,547.33,469.03
2024-07-17 18:00:00+00:00,23.75,36.23,7.23,81.9,5.62,306.26,39.4,363.73,311.88
2024-07-17 19:00:00+00:00,23.06,33.06,6.85,83.2,7.5,205.09,41.9,250.94,212.6
2024-07-17 20:00:00+00:00,22.43,30.43,6.02,85.1,28.01,76.0,42.4,157.48,104.69
2024-07-17 21:00:00+00:00,21.19,21.19,4.53,85.7,0.0,0.0,46.8,0.0,0.0
2024-07-17 22:00:00+00:00,20.14,20.14,4.24,84.4,0.0,0.0,53.0,0.0,0.0
2024-07-17 23:00:00+00:00,19.1,19.1,4.06,83.3,0.0,0.0,58.8,0.0,0.0
2024-07-18 00:00:00+00:00,19.84,19.84,3.33,85.5,0.0,0.0,44.9,0.0,0.0
2024-07-18 01:00:00+00:00,18.83,18.83,3.93,78.6,0.0,0.0,49.1,0.0,0.0
2024-07-18 02:00:00+00:00,17.87,17.87,3.94,81.8,0.0,0.0,51.8,0.0,0.0
2024-07-18 03:00:00+00:00,17.69,17.69,4.08,74.5,0.0,0.0,53.2,0.0,0.0
2024-07-18 04:00:00+00:00,17.44,17.44,4.36,62.3,0.0,0.0,58.0,0.0,0.0
2024-07-18 05:00:00+00:00,16.42,16.42,4.35,61.3,0.0,0.0,65.4,0.0,0.0
2024-07-18 06:00:00+00:00,15.9,15.9,4.15,74.8,0.0,0.0,69.3,0.0,0.0
2024-07-18 07:00:00+00:00,15.31,15.31,4.22,95.9,0.0,0.0,72.7,0.0,0.0
2024-07-18 08:00:00+00:00,15.53,15.53,4.59,102.3,0.0,0.0,72.6,0.0,0.0
2024-07-18 09:00:00+00:00,15.64,15.64,5.47,105.5,0.0,0.0,72.9,0.0,0.0
2024-07-18 10:00:00+00:00,15.26,27.83,6.07,109.9,8.85,17.8,74.6,64.95,41.71
2024-07-18 11:00:00+00:00,15.09,38.75,6.42,109.8,192.68,51.69,75.1,453.37,246.52
2024-07-18 12:00:00+00:00,14.89,45.64,6.52,108.1,365.58,90.01,75.6,698.34,455.59
2024-07-18 13:00:00+00:00,15.5,50.98,6.51,105.7,526.89,108.07,71.7,888.2,634.96
2024-07-18 14:00:00+00:00,16.74,53.11,6.36,101.3,585.45,140.51,65.6,963.8,725.97
2024-07-18 15:00:00+00:00,18.46,55.62,6.26,95.0,698.71,106.27,57.0,1053.06,804.98
2024-07-18 16:00:00+00:00,19.73,52.89,6.09,91.7,513.16,231.72,50.7,956.2,744.88
2024-07-18 17:00:00+00:00,20.73,48.85,6.04,92.4,364.79,261.98,45.5,812.35,626.77
2024-07-18 18:00:00+00:00,20.67,44.76,5.73,91.3,280.14,213.12,43.4,667.02,493.27
2024-07-18 19:00:00+00:00,20.72,37.61,5.3,93.3,129.83,163.24,41.8,412.76,293.08
2024-07-18 20:00:00+00:00,19.9,34.46,5.02,103.0,103.79,43.84,43.1,300.85,165.34
2024-07-18 21:00:00+00:00,18.87,18.87,4.18,114.0,0.0,0.0,45.5,0.0,0.0
2024-07-18 22:00:00+00:00,18.18,18.18,4.31,115.6,0.0,0.0,47.5,0.0,0.0
2024-07-18 23:00:00+00:00,17.17,17.17,4.58,108.6,0.0,0.0,52.0,0.0,0.0
2024-07-19 00:00:00+00:00,15.73,15.73,4.26,105.3,0.0,0.0,58.2,0.0,0.0
2024-07-19 01:00:00+00:00,15.31,15.31,4.14,109.4,0.0,0.0,59.7,0.0,0.0
2024-07-19 02:00:00+00:00,14.23,14.23,3.51,109.7,0.0,0.0,62.6,0.0,0.0
2024-07-19 03:00:00+00:00,13.16,13.16,2.9,105.6,0.0,0.0,65.8,0.0,0.0
2024-07-19 04:00:00+00:00,12.13,12.13,2.74,103.1,0.0,0.0,68.8,0.0,0.0
2024-07-19 05:00:00+00:00,12.22,12.22,2.69,97.4,0.0,0.0,67.0,0.0,0.0
2024-07-19 06:00:00+00:00,12.85,12.85,2.77,88.8,0.0,0.0,63.7,0.0,0.0
2024-07-19 07:00:00+00:00,13.52,13.52,2.35,90.7,0.0,0.0,60.0,0.0,0.0
2024-07-19 08:00:00+00:00,13.42,13.42,2.06,86.8,0.0,0.0,59.4,0.0,0.0
2024-07-19 09:00:00+00:00,14.03,14.03,3.05,73.6,0.0,0.0,56.6,0.0,0.0
2024-07-19 10:00:00+00:00,13.94,27.82,3.19,72.7,8.51,19.13,57.2,64.8,40.11
2024-07-19 11:00:00+00:00,15.27,38.75,4.11,79.6,192.68,51.69,52.2,453.37,246.52
2024-07-19 12:00:00+00:00,17.46,45.52,4.92,85.0,365.58,90.01,44.8,694.05,455.59
2024-07-19 13:00:00+00:00,18.69,50.98,5.03,80.7,526.89,108.07,43.8,888.2,634.96
2024-07-19 14:00:00+00:00,18.42,52.98,5.29,72.6,576.91,149.05,48.9,959.18,725.97
2024-07-19 15:00:00+00:00,18.95,55.22,4.85,72.6,632.09,172.88,47.4,1038.96,804.98
2024-07-19 16:00:00+00:00,20.1,52.83,4.19,73.3,513.16,231.72,40.2,953.92,744.88
2024-07-19 17:00:00+00:00,20.76,48.95,3.69,67.4,367.29,263.77,35.1,815.93,631.06
2024-07-19 18:00:00+00:00,21.08,44.76,3.45,73.2,280.14,213.12,33.6,667.02,493.27
2024-07-19 19:00:00+00:00,20.9,38.88,3.68,89.4,162.95,153.03,33.5,457.9,315.98
2024-07-19 20:00:00+00:00,20.17,34.46,3.95,94.8,103.79,43.84,34.9,300.85,165.34
2024-07-19 21:00:00+00:00,18.64,18.64,3.25,90.5,0.0,0.0,38.7,0.0,0.0
2024-07-19 22:00:00+00:00,18.13,18.13,3.45,82.0,0.0,0.0,41.6,0.0,0.0
2024-07-19 23:00:00+00:00,17.79,17.79,3.8,71.3,0.0,0.0,46.0,0.0,0.0
2024-07-20 00:00:00+00:00,17.11,17.11,4.12,60.7,0.0,0.0,52.0,0.0,0.0
2024-07-20 01:00:00+00:00,16.27,16.27,4.26,57.4,0.0,0.0,56.7,0.0,0.0
2024-07-20 02:00:00+00:00,15.57,15.57,4.17,57.4,0.0,0.0,59.4,0.0,0.0
2024-07-20 03:00:00+00:00,15.05,15.05,3.89,56.3,0.0,0.0,59.5,0.0,0.0
2024-07-20 04:00:00+00:00,14.77,14.77,3.88,59.1,0.0,0.0,57.7,0.0,0.0
2024-07-20 05:00:00+00:00,13.67,13.67,3.6,61.1,0.0,0.0,60.0,0.0,0.0
2024-07-20 06:00:00+00:00,13.49,13.49,3.57,57.4,0.0,0.0,61.7,0.0,0.0
2024-07-20 07:00:00+00:00,13.56,13.56,3.5,56.3,0.0,0.0,62.9,0.0,0.0
2024-07-20 08:00:00+00:00,13.23,13.23,3.6,59.0,0.0,0.0,64.7,0.0,0.0
2024-07-20 09:00:00+00:00,12.91,12.91,3.72,73.5,0.0,0.0,66.5,0.0,0.0
2024-07-20 10:00:00+00:00,12.6,27.82,4.38,89.5,8.51,19.13,69.8,64.8,40.11
2024-07-20 11:00:00+00:00,14.24,38.75,6.09,88.8,192.68,51.69,64.9,453.37,246.52
2024-07-20 12:00:00+00:00,15.8,45.52,7.63,83.3,365.58,90.01,57.4,694.05,455.59
2024-07-20 13:00:00+00:00,18.1,50.98,7.85,82.0,526.89,108.07,46.2,888.2,634.96
2024-07-20 14:00:00+00:00,20.02,53.28,7.37,79.2,583.47,150.75,38.1,970.08,734.21
2024-07-20 15:00:00+00:00,20.89,55.75,6.75,74.2,702.25,108.77,34.7,1057.65,811.02
2024-07-20 16:00:00+00:00,21.78,55.73,6.14,71.3,699.37,106.37,32.3,1057.12,805.74
2024-07-20 17:00:00+00:00,22.29,47.69,5.74,73.2,308.31,295.68,30.7,771.05,603.99
2024-07-20 18:00:00+00:00,22.24,44.76,5.52,75.7,280.14,213.12,30.4,667.02,493.27
2024-07-20 19:00:00+00:00,21.82,39.31,5.21,75.8,168.35,158.11,31.0,473.08,326.46
2024-07-20 20:00:00+00:00,20.84,34.56,5.01,74.3,102.18,50.11,32.8,304.25,162.78
2024-07-20 21:00:00+00:00,18.5,18.5,3.94,69.4,0.0,0.0,38.5,0.0,0.0
2024-07-20 22:00:00+00:00,17.69,17.69,4.2,64.0,0.0,0.0,41.7,0.0,0.0
2024-07-20 23:00:00+00:00,16.38,16.38,3.83,65.5,0.0,0.0,47.2,0.0,0.0
2024-07-21 00:00:00+00:00,16.0,16.0,3.71,68.6,0.0,0.0,50.0,0.0,0.0
2024-07-21 01:00:00+00:00,14.81,14.81,3.44,73.8,0.0,0.0,55.0,0.0,0.0
2024-07-21 02:00:00+00:00,14.71,14.71,3.43,79.2,0.0,0.0,55.1,0.0,0.0
2024-07-21 03:00:00+00:00,14.02,14.02,3.63,78.1,0.0,0.0,56.9,0.0,0.0
2024-07-21 04:00:00+00:00,13.5,13.5,3.7,72.1,0.0,0.0,58.1,0.0,0.0
2024-07-21 05:00:00+00:00,13.29,13.29,3.85,65.8,0.0,0.0,58.3,0.0,0.0
2024-07-21 06:00:00+00:00,13.66,13.66,4.29,65.1,0.0,0.0,57.1,0.0,0.0
2024-07-21 07:00:00+00:00,12.93,12.93,4.47,61.9,0.0,0.0,62.1,0.0,0.0
2024-07-21 08:00:00+00:00,12.04,12.04,4.57,81.5,0.0,0.0,67.0,0.0,0.0
2024-07-21 09:00:00+00:00,11.02,11.02,5.01,96.1,0.0,0.0,72.0,0.0,0.0
2024-07-21 10:00:00+00:00,11.38,27.97,5.43,93.0,10.36,15.75,74.2,70.14,48.83
2024-07-21 11:00:00+00:00,13.2,38.24,6.79,89.1,180.03,58.32,68.8,435.22,240.35
2024-07-21 12:00:00+00:00,15.22,46.05,7.64,84.4,375.55,92.47,61.8,712.98,468.02
2024-07-21 13:00:00+00:00,17.49,50.86,7.43,83.1,524.39,107.55,51.2,883.98,631.94
2024-07-21 14:00:00+00:00,19.6,54.82,7.12,83.1,665.79,101.26,40.1,1024.88,767.06
2024-07-21 15:00:00+00:00,20.97,55.44,6.58,85.3,636.84,174.18,34.3,1046.76,811.02
2024-07-21 16:00:00+00:00,21.85,55.73,5.91,89.2,699.37,106.37,31.9,1057.12,805.74
2024-07-21 17:00:00+00:00,22.46,47.69,5.33,94.1,308.31,295.68,30.3,771.05,603.99
2024-07-21 18:00:00+00:00,22.71,44.12,5.01,98.4,247.37,235.75,29.2,644.16,483.12
2024-07-21 19:00:00+00:00,22.39,39.31,5.04,103.4,168.35,158.11,29.2,473.08,326.46
2024-07-21 20:00:00+00:00,21.35,34.56,5.23,105.9,102.18,50.11,30.9,304.25,162.78
2024-07-21 21:00:00+00:00,18.23,18.23,4.34,108.4,0.0,0.0,38.1,0.0,0.0
2024-07-21 22:00:00+00:00,17.07,17.07,4.47,108.6,0.0,0.0,42.0,0.0,0.0
2024-07-21 23:00:00+00:00,15.65,15.65,4.23,107.2,0.0,0.0,46.2,0.0,0.0
2024-07-22 00:00:00+00:00,14.56,14.56,3.97,106.1,0.0,0.0,49.0,0.0,0.0
2024-07-22 01:00:00+00:00,13.59,13.59,3.69,98.1,0.0,0.0,51.5,0.0,0.0
2024-07-22 02:00:00+00:00,12.69,12.69,3.46,81.3,0.0,0.0,54.3,0.0,0.0
2024-07-22 03:00:00+00:00,12.38,12.38,3.24,79.5,0.0,0.0,55.3,0.0,0.0
2024-07-22 04:00:00+00:00,12.13,12.13,3.11,96.5,0.0,0.0,55.6,0.0,0.0
2024-07-22 05:00:00+00:00,11.28,11.28,3.53,104.7,0.0,0.0,58.2,0.0,0.0
2024-07-22 06:00:00+00:00,11.06,11.06,3.97,98.5,0.0,0.0,59.1,0.0,0.0
2024-07-22 07:00:00+00:00,10.98,10.98,4.25,94.6,0.0,0.0,60.4,0.0,0.0
2024-07-22 08:00:00+00:00,10.45,10.45,4.41,88.1,0.0,0.0,64.7,0.0,0.0
2024-07-22 09:00:00+00:00,10.52,10.52,4.33,83.2,0.0,0.0,67.6,0.0,0.0
2024-07-22 10:00:00+00:00,10.77,27.97,4.35,84.3,10.36,15.75,70.6,70.14,48.83
2024-07-22 11:00:00+00:00,13.29,37.84,5.98,82.6,169.8,68.8,64.7,420.98,240.35
2024-07-22 12:00:00+00:00,15.32,46.05,7.57,77.6,375.55,92.47,58.3,712.98,468.02
2024-07-22 13:00:00+00:00,17.27,50.86,7.18,76.3,524.39,107.55,49.6,883.98,631.94
2024-07-22 14:00:00+00:00,18.98,54.73,6.09,79.9,665.8,101.26,40.9,1021.67,767.06
2024-07-22 15:00:00+00:00,20.31,55.36,4.91,86.6,636.84,174.18,35.6,1044.05,811.02
2024-07-22 16:00:00+00:00,21.49,55.65,4.16,97.1,699.38,106.37,31.9,1054.06,805.74
2024-07-22 17:00:00+00:00,22.22,47.64,4.08,106.7,308.31,295.68,29.2,769.42,603.99
2024-07-22 18:00:00+00:00,22.4,44.7,4.25,110.1,280.15,213.12,28.8,664.83,493.27
2024-07-22 19:00:00+00:00,22.03,39.31,4.39,111.0,168.35,158.11,29.2,473.08,326.46
2024-07-22 20:00:00+00:00,20.98,34.59,4.51,109.7,102.55,50.3,30.8,305.37,163.38
2024-07-22 21:00:00+00:00,17.07,17.07,3.53,107.2,0.0,0.0,39.3,0.0,0.0
2024-07-22 22:00:00+00:00,16.27,16.27,4.24,104.5,0.0,0.0,41.5,0.0,0.0
2024-07-22 23:00:00+00:00,15.36,15.36,4.23,102.7,0.0,0.0,44.4,0.0,0.0
2024-07-23 00:00:00+00:00,14.45,14.45,4.21,104.5,0.0,0.0,47.3,0.0,0.0
2024-07-23 01:00:00+00:00,13.4,13.4,4.04,100.3,0.0,0.0,50.2,0.0,0.0
2024-07-23 02:00:00+00:00,13.28,13.28,4.07,93.3,0.0,0.0,50.3,0.0,0.0
2024-07-23 03:00:00+00:00,12.59,12.59,4.39,87.7,0.0,0.0,54.1,0.0,0.0
2024-07-23 04:00:00+00:00,11.88,11.88,4.78,87.4,0.0,0.0,58.7,0.0,0.0
2024-07-23 05:00:00+00:00,12.07,12.07,5.07,89.2,0.0,0.0,58.9,0.0,0.0
2024-07-23 06:00:00+00:00,11.71,11.71,5.25,88.0,0.0,0.0,61.1,0.0,0.0
2024-07-23 07:00:00+00:00,11.68,11.68,5.37,84.4,0.0,0.0,61.4,0.0,0.0
2024-07-23 08:00:00+00:00,11.76,11.76,5.52,83.9,0.0,0.0,61.6,0.0,0.0
2024-07-23 09:00:00+00:00,11.51,11.51,5.82,84.2,0.0,0.0,67.4,0.0,0.0
2024-07-23 10:00:00+00:00,11.76,28.03,6.09,81.0,10.8,15.69,73.4,72.28,50.91
2024-07-23 11:00:00+00:00,13.38,38.73,7.44,78.6,189.84,61.45,71.6,452.74,253.26
2024-07-23 12:00:00+00:00,15.2,46.75,8.32,76.8,403.21,75.34,59.3,737.72,478.55
2024-07-23 13:00:00+00:00,16.81,52.08,8.19,76.8,574.82,85.22,47.1,927.33,660.04
2024-07-23 14:00:00+00:00,18.06,54.76,7.39,78.2,666.48,101.37,41.9,1022.72,767.85
2024-07-23 15:00:00+00:00,19.55,55.36,6.77,81.4,636.84,174.18,37.7,1044.05,811.02
2024-07-23 16:00:00+00:00,20.23,55.65,6.49,86.2,699.38,106.37,35.8,1054.06,805.74
2024-07-23 17:00:00+00:00,20.71,48.62,6.11,90.4,362.96,260.66,34.1,804.39,623.62
2024-07-23 18:00:00+00:00,20.99,43.34,5.73,91.4,235.12,229.36,32.1,616.56,464.49
2024-07-23 19:00:00+00:00,20.69,35.96,5.68,91.5,82.65,182.74,32.2,354.19,265.39
2024-07-23 20:00:00+00:00,19.48,34.59,6.15,92.6,102.55,50.3,35.4,305.37,163.38
2024-07-23 21:00:00+00:00,17.32,17.32,5.35,90.7,0.0,0.0,42.0,0.0,0.0
2024-07-23 22:00:00+00:00,16.12,16.12,4.37,89.0,0.0,0.0,45.9,0.0,0.0
2024-07-23 23:00:00+00:00,15.38,15.38,4.19,89.9,0.0,0.0,48.8,0.0,0.0
2024-07-24 00:00:00+00:00,14.5,14.5,4.28,74.6,0.0,0.0,53.9,0.0,0.0
2024-07-24 01:00:00+00:00,14.43,14.43,3.98,60.9,0.0,0.0,55.5,0.0,0.0
2024-07-24 02:00:00+00:00,14.19,14.19,3.57,55.8,0.0,0.0,56.3,0.0,0.0
2024-07-24 03:00:00+00:00,14.83,14.83,3.99,64.9,0.0,0.0,53.9,0.0,0.0
2024-07-24 04:00:00+00:00,14.99,14.99,5.35,81.5,0.0,0.0,58.2,0.0,0.0
2024-07-24 05:00:00+00:00,14.8,14.8,6.23,80.7,0.0,0.0,66.2,0.0,0.0
2024-07-24 06:00:00+00:00,14.2,14.2,6.17,78.8,0.0,0.0,71.5,0.0,0.0
2024-07-24 07:00:00+00:00,13.51,13.51,6.01,77.4,0.0,0.0,76.0,0.0,0.0
2024-07-24 08:00:00+00:00,12.54,12.54,6.03,76.1,0.0,0.0,82.3,0.0,0.0
2024-07-24 09:00:00+00:00,12.19,12.19,6.12,75.5,0.0,0.0,84.6,0.0,0.0
2024-07-24 10:00:00+00:00,12.16,27.99,6.28,74.4,10.47,15.91,84.0,70.85,49.33
2024-07-24 11:00:00+00:00,13.32,39.11,6.95,73.2,200.86,53.84,74.1,466.05,256.78
2024-07-24 12:00:00+00:00,14.45,47.71,7.48,73.8,433.65,62.6,67.8,772.04,496.26
2024-07-24 13:00:00+00:00,16.32,52.95,7.64,73.3,594.03,88.07,56.7,958.32,682.1
2024-07-24 14:00:00+00:00,17.02,54.76,7.44,73.6,666.32,101.34,51.4,1022.47,767.66
2024-07-24 15:00:00+00:00,17.91,55.43,7.0,74.6,638.3,174.58,47.3,1046.45,812.88
2024-07-24 16:00:00+00:00,19.17,55.65,6.55,75.1,699.38,106.37,41.4,1054.06,805.74
2024-07-24 17:00:00+00:00,20.16,48.61,5.97,77.7,362.82,260.56,36.9,804.08,623.39
2024-07-24 18:00:00+00:00,20.66,43.2,5.75,77.1,233.16,227.45,34.9,611.42,460.62
2024-07-24 19:00:00+00:00,20.3,35.7,5.87,76.5,68.02,197.36,35.2,344.94,265.39
2024-07-24 20:00:00+00:00,19.31,30.37,5.86,78.8,24.51,83.08,37.4,155.4,108.12
2024-07-24 21:00:00+00:00,17.16,17.16,4.62,89.0,0.0,0.0,44.1,0.0,0.0
2024-07-24 22:00:00+00:00,15.96,15.96,4.12,94.9,0.0,0.0,48.9,0.0,0.0
2024-07-24 23:00:00+00:00,15.75,15.75,3.91,88.3,0.0,0.0,49.6,0.0,0.0
2024-07-25 00:00:00+00:00,15.25,15.25,3.55,77.0,0.0,0.0,50.9,0.0,0.0
2024-07-25 01:00:00+00:00,14.01,14.01,2.85,71.7,0.0,0.0,55.5,0.0,0.0
2024-07-25 02:00:00+00:00,14.64,14.64,2.84,71.5,0.0,0.0,54.7,0.0,0.0
2024-07-25 03:00:00+00:00,13.37,13.37,2.84,75.3,0.0,0.0,61.4,0.0,0.0
2024-07-25 04:00:00+00:00,13.12,13.12,3.77,75.6,0.0,0.0,66.2,0.0,0.0
2024-07-25 05:00:00+00:00,12.61,12.61,4.29,71.1,0.0,0.0,74.2,0.0,0.0
2024-07-25 06:00:00+00:00,12.69,12.69,5.05,71.6,0.0,0.0,81.1,0.0,0.0
2024-07-25 07:00:00+00:00,12.46,12.46,5.33,69.7,0.0,0.0,86.7,0.0,0.0
2024-07-25 08:00:00+00:00,11.5,11.5,5.16,68.8,0.0,0.0,93.2,0.0,0.0
2024-07-25 09:00:00+00:00,11.48,11.48,5.11,68.5,0.0,0.0,94.6,0.0,0.0
2024-07-25 10:00:00+00:00,12.09,27.99,5.12,68.7,10.47,15.91,92.2,70.85,49.33
2024-07-25 11:00:00+00:00,13.89,39.18,5.96,70.8,201.94,54.13,82.1,468.56,258.16
2024-07-25 12:00:00+00:00,15.63,47.17,6.36,71.0,413.94,77.35,72.6,752.68,491.3
2024-07-25 13:00:00+00:00,16.87,52.95,6.55,69.3,594.03,88.07,63.2,958.32,682.1
2024-07-25 14:00:00+00:00,18.12,54.36,6.12,70.0,610.05,157.61,53.2,1008.43,767.66
2024-07-25 15:00:00+00:00,19.35,55.29,5.82,74.9,636.84,174.18,45.9,1041.39,811.02
2024-07-25 16:00:00+00:00,20.42,55.25,5.71,77.2,632.69,173.05,40.5,1039.94,805.74
2024-07-25 17:00:00+00:00,20.71,48.94,5.55,78.3,368.06,264.32,37.6,815.68,632.38
2024-07-25 18:00:00+00:00,20.98,42.45,5.23,78.2,188.17,262.5,35.2,585.01,450.68
2024-07-25 19:00:00+00:00,20.69,35.7,4.85,79.2,68.02,197.36,34.4,344.94,265.39
2024-07-25 20:00:00+00:00,19.99,32.03,5.06,80.9,50.17,83.2,36.4,214.35,134.38
2024-07-25 21:00:00+00:00,18.2,18.2,5.31,85.9,0.0,0.0,45.8,0.0,0.0
2024-07-25 22:00:00+00:00,17.09,17.09,5.24,87.2,0.0,0.0,54.0,0.0,0.0
2024-07-25 23:00:00+00:00,16.42,16.42,4.56,87.5,0.0,0.0,55.5,0.0,0.0
2024-07-26 00:00:00+00:00,15.41,15.41,4.14,91.0,0.0,0.0,57.8,0.0,0.0
2024-07-26 01:00:00+00:00,14.3,14.3,3.95,93.5,0.0,0.0,60.9,0.0,0.0
2024-07-26 02:00:00+00:00,13.49,13.49,3.97,94.4,0.0,0.0,62.9,0.0,0.0
2024-07-26 03:00:00+00:00,12.95,12.95,4.1,93.0,0.0,0.0,65.2,0.0,0.0
2024-07-26 04:00:00+00:00,12.24,12.24,4.11,91.1,0.0,0.0,68.7,0.0,0.0
2024-07-26 05:00:00+00:00,11.97,11.97,4.07,89.0,0.0,0.0,71.3,0.0,0.0
2024-07-26 06:00:00+00:00,11.65,11.65,3.94,84.5,0.0,0.0,74.7,0.0,0.0
2024-07-26 07:00:00+00:00,11.36,11.36,3.99,79.7,0.0,0.0,76.4,0.0,0.0
2024-07-26 08:00:00+00:00,11.42,11.42,4.4,75.5,0.0,0.0,76.1,0.0,0.0
2024-07-26 09:00:00+00:00,11.24,11.24,4.64,69.5,0.0,0.0,79.1,0.0,0.0
2024-07-26 10:00:00+00:00,11.46,27.96,4.91,65.8,10.3,15.65,80.6,69.71,48.53
2024-07-26 11:00:00+00:00,14.59,39.11,5.96,67.4,200.86,53.84,67.2,466.05,256.78
2024-07-26 12:00:00+00:00,17.23,47.38,6.73,68.0,418.12,78.13,54.9,760.28,496.26
2024-07-26 13:00:00+00:00,19.62,53.04,6.38,65.2,595.94,88.35,42.4,961.4,684.28
2024-07-26 14:00:00+00:00,21.02,54.36,5.0,62.6,610.05,157.61,34.9,1008.43,767.66
2024-07-26 15:00:00+00:00,21.97,55.36,3.28,62.7,638.3,174.58,31.1,1043.77,812.88
2024-07-26 16:00:00+00:00,22.9,55.25,2.3,66.1,632.69,173.05,28.3,1039.94,805.74
2024-07-26 17:00:00+00:00,23.42,48.15,2.04,70.5,316.17,303.22,27.0,787.4,619.39
2024-07-26 18:00:00+00:00,23.59,43.22,2.04,76.0,201.62,270.03,26.3,612.25,471.65
2024-07-26 19:00:00+00:00,23.3,38.75,2.23,81.3,152.5,166.59,26.5,453.29,319.08
2024-07-26 20:00:00+00:00,22.58,30.11,2.53,85.2,17.83,89.94,27.4,146.2,108.12
2024-07-26 21:00:00+00:00,18.27,18.27,2.67,87.3,0.0,0.0,35.8,0.0,0.0
2024-07-26 22:00:00+00:00,18.21,18.21,3.2,86.7,0.0,0.0,35.7,0.0,0.0
2024-07-26 23:00:00+00:00,18.05,18.05,3.76,87.4,0.0,0.0,36.1,0.0,0.0
2024-07-27 00:00:00+00:00,17.37,17.37,4.27,85.9,0.0,0.0,38.3,0.0,0.0
2024-07-27 01:00:00+00:00,16.51,16.51,4.84,86.4,0.0,0.0,41.2,0.0,0.0
2024-07-27 02:00:00+00:00,15.85,15.85,5.11,82.7,0.0,0.0,43.6,0.0,0.0
2024-07-27 03:00:00+00:00,15.19,15.19,5.09,73.6,0.0,0.0,45.7,0.0,0.0
2024-07-27 04:00:00+00:00,14.7,14.7,5.08,65.1,0.0,0.0,48.1,0.0,0.0
2024-07-27 05:00:00+00:00,13.96,13.96,5.17,63.9,0.0,0.0,52.0,0.0,0.0
2024-07-27 06:00:00+00:00,13.72,13.72,5.23,63.4,0.0,0.0,54.2,0.0,0.0
2024-07-27 07:00:00+00:00,13.21,13.21,5.02,64.2,0.0,0.0,56.7,0.0,0.0
2024-07-27 08:00:00+00:00,12.74,12.74,4.76,65.4,0.0,0.0,58.4,0.0,0.0
2024-07-27 09:00:00+00:00,12.3,12.3,4.69,66.0,0.0,0.0,59.6,0.0,0.0
2024-07-27 10:00:00+00:00,12.25,28.19,4.68,68.3,11.94,20.49,59.2,77.79,49.33
2024-07-27 11:00:00+00:00,15.41,38.73,5.55,74.7,189.84,61.45,47.3,452.74,253.26
2024-07-27 12:00:00+00:00,17.46,45.93,7.44,76.5,375.55,92.47,41.2,708.73,468.02
2024-07-27 13:00:00+00:00,19.67,52.85,7.58,73.0,594.03,88.07,37.0,954.52,682.1
2024-07-27 14:00:00+00:00,21.64,54.37,6.65,75.0,610.2,157.65,32.8,1008.68,767.85
2024-07-27 15:00:00+00:00,22.76,55.29,5.27,81.1,636.84,174.18,30.3,1041.39,811.02
2024-07-27 16:00:00+00:00,23.6,55.25,4.18,88.6,632.69,173.05,28.1,1039.94,805.74
2024-07-27 17:00:00+00:00,24.13,48.93,3.59,93.2,368.68,264.77,26.7,815.15,633.45
2024-07-27 18:00:00+00:00,24.26,41.72,3.37,95.1,118.39,330.48,26.2,558.94,448.87
2024-07-27 19:00:00+00:00,23.86,35.7,3.45,95.6,68.02,197.36,26.7,344.94,265.39
2024-07-27 20:00:00+00:00,22.93,32.03,3.67,95.3,50.17,83.2,28.3,214.35,134.38
2024-07-27 21:00:00+00:00,19.42,19.42,3.21,91.4,0.0,0.0,35.6,0.0,0.0
2024-07-27 22:00:00+00:00,18.77,18.77,3.94,91.2,0.0,0.0,37.7,0.0,0.0
2024-07-27 23:00:00+00:00,17.74,17.74,4.42,91.4,0.0,0.0,41.3,0.0,0.0
2024-07-28 00:00:00+00:00,16.86,16.86,4.63,86.3,0.0,0.0,44.2,0.0,0.0
2024-07-28 01:00:00+00:00,16.41,16.41,4.75,82.7,0.0,0.0,45.8,0.0,0.0
2024-07-28 02:00:00+00:00,15.8,15.8,4.83,79.9,0.0,0.0,48.0,0.0,0.0
2024-07-28 03:00:00+00:00,15.19,15.19,4.82,78.1,0.0,0.0,49.9,0.0,0.0
2024-07-28 04:00:00+00:00,14.78,14.78,4.78,77.8,0.0,0.0,51.3,0.0,0.0
2024-07-28 05:00:00+00:00,14.02,14.02,4.74,75.6,0.0,0.0,54.2,0.0,0.0
2024-07-28 06:00:00+00:00,13.25,13.25,4.72,72.4,0.0,0.0,57.4,0.0,0.0
2024-07-28 07:00:00+00:00,12.8,12.8,4.73,71.4,0.0,0.0,59.3,0.0,0.0
2024-07-28 08:00:00+00:00,12.34,12.34,4.85,74.5,0.0,0.0,61.0,0.0,0.0
2024-07-28 09:00:00+00:00,11.4,11.4,5.11,83.8,0.0,0.0,64.4,0.0,0.0
2024-07-28 10:00:00+00:00,11.23,28.23,5.4,78.0,12.15,20.84,65.5,79.14,50.19
2024-07-28 11:00:00+00:00,14.63,38.58,7.53,71.9,187.49,65.77,57.4,447.32,253.26
2024-07-28 12:00:00+00:00,17.44,45.93,7.99,70.5,375.55,92.47,51.8,708.73,468.02
2024-07-28 13:00:00+00:00,20.15,50.73,8.04,69.2,519.09,115.86,42.3,879.24,634.96
2024-07-28 14:00:00+00:00,22.03,52.39,7.31,69.0,501.14,226.3,33.9,938.38,727.44
2024-07-28 15:00:00+00:00,23.31,55.0,6.13,71.3,632.09,172.88,30.0,1031.01,804.98
2024-07-28 16:00:00+00:00,24.23,52.53,5.13,74.3,489.08,255.8,27.6,943.37,744.88
2024-07-28 17:00:00+00:00,24.74,48.41,4.3,77.7,319.94,306.83,26.3,796.78,626.77
2024-07-28 18:00:00+00:00,25.03,44.44,3.78,82.7,258.57,234.7,25.4,655.73,493.27
2024-07-28 19:00:00+00:00,24.79,39.23,3.52,87.4,168.35,158.11,25.2,470.48,326.46
2024-07-28 20:00:00+00:00,23.87,34.77,3.52,89.8,105.06,56.22,26.5,311.97,163.38
2024-07-28 21:00:00+00:00,18.87,26.33,3.13,91.6,0.03,1.41,36.7,11.62,12.04
2024-07-28 22:00:00+00:00,19.05,19.05,3.81,91.6,0.0,0.0,37.3,0.0,0.0
2024-07-28 23:00:00+00:00,17.87,17.87,3.79,88.6,0.0,0.0,41.1,0.0,0.0
2024-07-29 00:00:00+00:00,17.13,17.13,3.9,86.5,0.0,0.0,43.9,0.0,0.0
2024-07-29 01:00:00+00:00,16.53,16.53,3.92,86.5,0.0,0.0,46.3,0.0,0.0
2024-07-29 02:00:00+00:00,15.9,15.9,3.97,88.7,0.0,0.0,48.7,0.0,0.0
2024-07-29 03:00:00+00:00,15.55,15.55,4.2,85.7,0.0,0.0,49.9,0.0,0.0
2024-07-29 04:00:00+00:00,15.27,15.27,4.3,80.6,0.0,0.0,50.4,0.0,0.0
2024-07-29 05:00:00+00:00,15.03,15.03,4.39,74.1,0.0,0.0,50.8,0.0,0.0
2024-07-29 06:00:00+00:00,14.89,14.89,4.19,62.9,0.0,0.0,53.5,0.0,0.0
2024-07-29 07:00:00+00:00,14.49,14.49,4.05,57.0,0.0,0.0,58.7,0.0,0.0
2024-07-29 08:00:00+00:00,14.44,14.44,4.41,65.4,0.0,0.0,59.8,0.0,0.0
2024-07-29 09:00:00+00:00,13.57,13.57,4.59,71.2,0.0,0.0,64.5,0.0,0.0
2024-07-29 10:00:00+00:00,13.87,28.2,4.76,64.5,11.98,20.55,71.5,78.05,49.49
2024-07-29 11:00:00+00:00,16.33,38.82,6.82,61.0,191.12,67.05,72.6,455.98,258.16
2024-07-29 12:00:00+00:00,18.52,47.02,8.26,59.6,412.19,79.1,66.4,747.4,491.3
2024-07-29 13:00:00+00:00,20.39,52.85,8.22,58.0,594.03,88.07,56.4,954.52,682.1
2024-07-29 14:00:00+00:00,21.99,54.28,7.4,58.1,610.05,157.61,47.0,1005.58,767.66
2024-07-29 15:00:00+00:00,23.01,55.22,6.44,60.9,636.84,174.18,41.5,1038.76,811.02
2024-07-29 16:00:00+00:00,23.82,55.17,5.52,66.1,632.69,173.05,36.9,1037.25,805.74
2024-07-29 17:00:00+00:00,24.44,48.56,4.65,71.8,322.8,309.58,33.5,802.26,632.38
2024-07-29 18:00:00+00:00,24.58,42.75,4.25,78.7,196.08,262.61,31.6,595.42,458.68
2024-07-29 19:00:00+00:00,24.47,35.34,4.17,83.6,45.89,219.49,30.8,332.19,265.39
2024-07-29 20:00:00+00:00,23.63,30.11,4.18,86.2,17.83,89.94,32.2,146.2,108.12
2024-07-29 21:00:00+00:00,20.26,26.33,3.13,87.0,0.03,1.41,40.2,11.62,12.04
2024-07-29 22:00:00+00:00,20.22,20.22,3.7,80.8,0.0,0.0,41.5,0.0,0.0
2024-07-29 23:00:00+00:00,19.34,19.34,3.64,71.4,0.0,0.0,44.2,0.0,0.0
2024-07-30 00:00:00+00:00,18.9,18.9,3.96,64.4,0.0,0.0,45.4,0.0,0.0
2024-07-30 01:00:00+00:00,18.43,18.43,4.05,60.4,0.0,0.0,48.9,0.0,0.0
2024-07-30 02:00:00+00:00,17.47,17.47,3.74,57.7,0.0,0.0,53.1,0.0,0.0
2024-07-30 03:00:00+00:00,16.85,16.85,3.53,58.6,0.0,0.0,55.3,0.0,0.0
2024-07-30 04:00:00+00:00,16.53,16.53,4.08,61.3,0.0,0.0,58.3,0.0,0.0
2024-07-30 05:00:00+00:00,15.77,15.77,4.45,58.2,0.0,0.0,67.7,0.0,0.0
2024-07-30 06:00:00+00:00,15.51,15.51,4.75,54.1,0.0,0.0,73.3,0.0,0.0
2024-07-30 07:00:00+00:00,15.52,15.52,4.89,55.4,0.0,0.0,75.4,0.0,0.0
2024-07-30 08:00:00+00:00,15.51,15.51,4.91,56.7,0.0,0.0,77.5,0.0,0.0
2024-07-30 09:00:00+00:00,15.03,15.03,4.98,56.2,0.0,0.0,81.3,0.0,0.0
2024-07-30 10:00:00+00:00,15.3,28.2,5.26,54.1,11.98,20.55,80.4,78.05,49.49
2024-07-30 11:00:00+00:00,17.28,38.82,6.46,50.2,191.12,67.05,70.9,455.98,258.16
2024-07-30 12:00:00+00:00,19.33,47.02,7.11,46.4,412.19,79.1,60.8,747.4,491.3
2024-07-30 13:00:00+00:00,21.56,52.74,6.8,45.7,594.03,88.07,49.6,950.81,682.1
2024-07-30 14:00:00+00:00,23.24,53.82,5.89,46.4,600.15,155.06,40.0,989.27,755.21
2024-07-30 15:00:00+00:00,24.63,55.14,4.8,49.0,636.84,174.18,33.9,1036.16,811.02
2024-07-30 16:00:00+00:00,25.7,55.1,3.92,55.7,632.69,173.05,29.9,1034.6,805.74
2024-07-30 17:00:00+00:00,26.4,48.6,3.38,64.3,323.35,310.1,27.4,803.62,633.45
2024-07-30 18:00:00+00:00,26.63,41.72,3.18,73.3,118.39,330.48,26.2,558.94,448.87
2024-07-30 19:00:00+00:00,26.41,35.34,3.22,79.5,45.89,219.49,26.4,332.19,265.39
2024-07-30 20:00:00+00:00,25.54,30.11,3.4,83.6,17.83,89.94,28.0,146.2,108.12
2024-07-30 21:00:00+00:00,20.65,26.33,2.97,82.9,0.03,1.41,38.2,11.62,12.04
2024-07-30 22:00:00+00:00,20.36,20.36,3.47,77.9,0.0,0.0,39.1,0.0,0.0
2024-07-30 23:00:00+00:00,19.67,19.67,3.6,73.9,0.0,0.0,40.6,0.0,0.0
2024-07-31 00:00:00+00:00,18.95,18.95,3.58,74.4,0.0,0.0,42.2,0.0,0.0
2024-07-31 01:00:00+00:00,18.67,18.67,3.84,74.8,0.0,0.0,43.5,0.0,0.0
2024-07-31 02:00:00+00:00,18.51,18.51,4.16,68.8,0.0,0.0,45.7,0.0,0.0
2024-07-31 03:00:00+00:00,17.97,17.97,4.57,64.7,0.0,0.0,50.2,0.0,0.0
2024-07-31 04:00:00+00:00,17.75,17.75,4.97,64.6,0.0,0.0,52.0,0.0,0.0
2024-07-31 05:00:00+00:00,17.39,17.39,5.05,66.7,0.0,0.0,53.0,0.0,0.0
2024-07-31 06:00:00+00:00,16.91,16.91,4.99,67.0,0.0,0.0,55.0,0.0,0.0
2024-07-31 07:00:00+00:00,16.57,16.57,4.92,65.7,0.0,0.0,57.0,0.0,0.0
2024-07-31 08:00:00+00:00,16.1,16.1,4.74,64.1,0.0,0.0,59.0,0.0,0.0
2024-07-31 09:00:00+00:00,15.9,15.9,4.63,63.3,0.0,0.0,59.6,0.0,0.0
2024-07-31 10:00:00+00:00,16.16,28.12,5.48,67.5,11.08,21.83,58.2,75.44,45.76
2024-07-31 11:00:00+00:00,17.84,38.76,7.26,58.8,190.1,66.69,56.9,453.54,256.78
2024-07-31 12:00:00+00:00,19.56,47.5,7.8,55.0,421.61,80.91,57.0,764.46,502.51
2024-07-31 13:00:00+00:00,21.66,53.33,7.4,57.5,607.03,90.0,50.0,971.62,697.03
2024-07-31 14:00:00+00:00,23.56,54.2,6.57,61.1,610.04,157.61,41.6,1002.78,767.66
2024-07-31 15:00:00+00:00,25.01,55.21,5.64,66.8,638.3,174.58,35.5,1038.54,812.88
2024-07-31 16:00:00+00:00,26.16,55.1,5.11,74.4,632.69,173.05,31.2,1034.6,805.74
2024-07-31 17:00:00+00:00,26.87,48.0,4.97,81.8,314.77,301.87,28.6,782.3,616.64
2024-07-31 18:00:00+00:00,27.1,43.18,5.04,88.4,201.62,270.03,27.2,610.76,471.65
2024-07-31 19:00:00+00:00,26.75,38.69,5.12,90.4,152.5,166.59,27.0,451.03,319.08
2024-07-31 20:00:00+00:00,25.73,29.03,5.08,89.0,2.47,87.95,28.6,107.82,90.47
2024-07-31 21:00:00+00:00,21.54,26.33,3.56,88.1,0.03,1.41,37.0,11.62,12.04
2024-07-31 22:00:00+00:00,20.45,20.45,3.91,86.5,0.0,0.0,39.7,0.0,0.0
2024-07-31 23:00:00+00:00,19.39,19.39,4.05,83.5,0.0,0.0,42.6,0.0,0.0
2024-08-01 00:00:00+00:00,18.5,18.5,4.05,79.6,0.0,0.0,45.4,0.0,0.0
2024-08-01 01:00:00+00:00,17.9,17.9,4.12,77.6,0.0,0.0,47.5,0.0,0.0
2024-08-01 02:00:00+00:00,17.82,17.82,4.7,72.7,0.0,0.0,47.8,0.0,0.0
2024-08-01 03:00:00+00:00,17.39,17.39,4.77,62.8,0.0,0.0,50.5,0.0,0.0
2024-08-01 04:00:00+00:00,17.2,17.2,4.67,57.7,0.0,0.0,53.3,0.0,0.0
2024-08-01 05:00:00+00:00,16.61,16.61,4.73,57.8,0.0,0.0,57.2,0.0,0.0
2024-08-01 06:00:00+00:00,16.13,16.13,4.71,58.1,0.0,0.0,60.0,0.0,0.0
2024-08-01 07:00:00+00:00,15.82,15.82,5.06,59.9,0.0,0.0,62.3,0.0,0.0
2024-08-01 08:00:00+00:00,15.3,15.3,5.56,61.1,0.0,0.0,69.3,0.0,0.0
2024-08-01 09:00:00+00:00,14.77,14.77,6.07,59.0,0.0,0.0,77.3,0.0,0.0
2024-08-01 10:00:00+00:00,14.57,28.21,6.23,54.8,12.06,20.68,81.4,78.53,49.8
2024-08-01 11:00:00+00:00,16.72,38.76,7.55,55.3,190.1,66.69,71.9,453.54,256.78
2024-08-01 12:00:00+00:00,18.79,47.02,8.0,56.4,412.19,79.1,62.1,747.4,491.3
2024-08-01 13:00:00+00:00,21.29,52.74,7.69,59.8,594.03,88.07,50.0,950.81,682.1
2024-08-01 14:00:00+00:00,23.59,53.77,7.23,66.2,600.67,155.19,38.4,987.36,755.86
2024-08-01 15:00:00+00:00,25.36,55.07,6.91,73.6,636.84,174.18,30.0,1033.61,811.02
2024-08-01 16:00:00+00:00,26.47,55.1,6.48,78.9,632.69,173.05,25.4,1034.6,805.74
2024-08-01 17:00:00+00:00,27.05,48.56,5.93,82.0,323.35,310.1,23.4,802.0,633.45
2024-08-01 18:00:00+00:00,27.23,41.7,5.44,83.6,118.39,330.48,22.6,558.06,448.87
2024-08-01 19:00:00+00:00,26.92,35.34,5.11,84.7,45.89,219.49,22.5,332.19,265.39
2024-08-01 20:00:00+00:00,25.94,29.96,4.89,85.6,13.73,94.15,24.0,140.69,108.12
2024-08-01 21:00:00+00:00,21.11,26.33,3.33,85.0,0.03,1.41,32.8,11.62,12.04
2024-08-01 22:00:00+00:00,20.29,20.29,3.84,81.1,0.0,0.0,35.3,0.0,0.0
2024-08-01 23:00:00+00:00,19.32,19.32,4.0,75.6,0.0,0.0,38.6,0.0,0.0
2024-08-02 00:00:00+00:00,18.71,18.71,4.21,71.9,0.0,0.0,41.8,0.0,0.0
2024-08-02 01:00:00+00:00,18.13,18.13,4.37,70.8,0.0,0.0,45.3,0.0,0.0
2024-08-02 02:00:00+00:00,17.56,17.56,4.47,71.0,0.0,0.0,48.1,0.0,0.0
2024-08-02 03:00:00+00:00,17.08,17.08,4.51,67.2,0.0,0.0,48.3,0.0,0.0
2024-08-02 04:00:00+00:00,16.83,16.83,4.72,61.0,0.0,0.0,48.0,0.0,0.0
2024-08-02 05:00:00+00:00,16.51,16.51,4.97,56.3,0.0,0.0,51.6,0.0,0.0
2024-08-02 06:00:00+00:00,16.09,16.09,5.07,56.0,0.0,0.0,55.8,0.0,0.0
2024-08-02 07:00:00+00:00,15.57,15.57,5.48,54.7,0.0,0.0,60.7,0.0,0.0
2024-08-02 08:00:00+00:00,15.14,15.14,5.7,51.8,0.0,0.0,67.9,0.0,0.0
2024-08-02 09:00:00+00:00,14.59,14.59,5.74,52.0,0.0,0.0,73.3,0.0,0.0
2024-08-02 10:00:00+00:00,14.55,28.2,5.87,51.6,12.0,20.58,75.5,78.15,49.56
2024-08-02 11:00:00+00:00,17.01,38.22,6.84,53.6,173.05,83.74,65.6,434.63,256.78
2024-08-02 12:00:00+00:00,19.45,47.38,7.31,57.9,421.61,80.91,55.3,760.01,502.51
2024-08-02 13:00:00+00:00,21.86,53.22,7.21,64.8,607.03,90.0,44.6,967.91,697.03
2024-08-02 14:00:00+00:00,23.77,54.2,7.25,72.5,610.04,157.61,36.3,1002.78,767.66
2024-08-02 15:00:00+00:00,25.38,55.14,7.69,79.4,638.3,174.58,29.8,1035.97,812.88
2024-08-02 16:00:00+00:00,26.43,55.02,8.0,82.5,632.69,173.05,25.5,1031.99,805.74
2024-08-02 17:00:00+00:00,27.04,48.06,7.87,83.7,316.17,303.22,22.6,784.2,619.39
2024-08-02 18:00:00+00:00,27.21,43.18,7.53,83.8,201.62,270.03,21.4,610.76,471.65
2024-08-02 19:00:00+00:00,26.85,38.69,7.13,82.5,152.5,166.59,22.3,451.03,319.08
2024-08-02 20:00:00+00:00,25.79,29.01,6.65,81.7,1.79,88.64,25.0,106.94,90.47
2024-08-02 21:00:00+00:00,22.24,26.27,4.42,85.8,0.02,1.15,32.7,9.45,9.8
2024-08-02 22:00:00+00:00,20.8,20.8,4.33,87.6,0.0,0.0,37.4,0.0,0.0
2024-08-02 23:00:00+00:00,20.03,20.03,4.57,84.0,0.0,0.0,41.3,0.0,0.0
